match_id,played_at,patch,queue,duration_s,winning_team
1,2026-06-01 22:03:00,26.11,ranked_solo,2448,blue
2,2026-06-01 14:22:00,26.11,ranked_solo,1347,blue
3,2026-06-03 12:22:00,26.11,ranked_solo,1702,red
4,2026-06-03 18:24:00,26.11,ranked_solo,2332,blue
5,2026-06-04 16:27:00,26.11,ranked_solo,2337,red
6,2026-06-05 23:23:00,26.11,ranked_solo,1523,red
7,2026-06-06 18:59:00,26.11,ranked_solo,2042,red
8,2026-06-07 21:32:00,26.11,ranked_solo,2121,red
9,2026-06-07 12:49:00,26.11,ranked_solo,1772,blue
10,2026-06-08 19:00:00,26.11,ranked_solo,2294,red
11,2026-06-09 10:03:00,26.11,normal,1274,blue
12,2026-06-10 16:02:00,26.11,ranked_solo,1663,blue
13,2026-06-10 20:10:00,26.11,ranked_solo,1557,blue
14,2026-06-11 16:27:00,26.11,ranked_solo,1796,red
15,2026-06-11 10:01:00,26.11,ranked_solo,2201,blue
16,2026-06-12 18:47:00,26.11,ranked_solo,1415,blue
17,2026-06-14 10:18:00,26.11,normal,2422,red
18,2026-06-14 15:00:00,26.11,ranked_solo,1618,red
19,2026-06-14 16:50:00,26.11,normal,1446,blue
20,2026-06-16 23:30:00,26.12,ranked_solo,1350,blue
21,2026-06-16 15:18:00,26.12,ranked_solo,2413,red
22,2026-06-17 15:35:00,26.12,ranked_solo,2317,red
23,2026-06-18 21:05:00,26.12,ranked_solo,1271,red
24,2026-06-18 23:54:00,26.12,ranked_solo,2193,red
25,2026-06-20 15:05:00,26.12,ranked_solo,1466,red
26,2026-06-20 22:22:00,26.12,ranked_solo,1271,blue
27,2026-06-21 15:22:00,26.12,ranked_solo,1844,blue
28,2026-06-21 10:50:00,26.12,ranked_solo,2328,blue
29,2026-06-22 16:47:00,26.12,ranked_solo,1880,blue
30,2026-06-23 22:04:00,26.12,ranked_solo,1415,blue
31,2026-06-24 21:01:00,26.12,ranked_flex,1508,red
32,2026-06-25 12:17:00,26.12,ranked_flex,2102,blue
33,2026-06-25 17:46:00,26.12,ranked_solo,1874,red
34,2026-06-26 22:01:00,26.12,ranked_solo,1778,red
35,2026-06-28 10:46:00,26.12,ranked_flex,1396,red
36,2026-06-28 19:22:00,26.12,ranked_flex,1435,red
37,2026-06-29 21:16:00,26.13,ranked_solo,1255,red
38,2026-06-29 10:35:00,26.13,ranked_solo,1766,red
39,2026-06-30 14:25:00,26.13,normal,1956,blue
40,2026-07-01 10:03:00,26.13,ranked_flex,2027,blue
41,2026-07-01 14:59:00,26.13,ranked_flex,1393,red
42,2026-07-02 12:15:00,26.13,ranked_solo,2248,blue
43,2026-07-04 20:48:00,26.13,ranked_solo,1536,blue
44,2026-07-04 22:36:00,26.13,ranked_solo,1845,blue
45,2026-07-05 14:16:00,26.13,ranked_solo,1317,blue
46,2026-07-05 14:09:00,26.13,ranked_flex,1573,red
47,2026-07-06 12:21:00,26.13,ranked_solo,1194,blue
48,2026-07-07 17:18:00,26.13,normal,1354,red
49,2026-07-08 12:43:00,26.13,ranked_solo,2157,red
50,2026-07-08 17:08:00,26.13,ranked_solo,2465,red
51,2026-07-10 22:19:00,26.13,ranked_flex,1186,blue
52,2026-07-10 11:45:00,26.13,ranked_flex,1844,blue
53,2026-07-11 19:44:00,26.13,ranked_solo,1469,blue
54,2026-07-12 11:50:00,26.13,normal,1322,blue
55,2026-07-12 22:09:00,26.13,ranked_solo,1296,blue
56,2026-07-14 20:52:00,26.14,ranked_flex,1873,blue
57,2026-07-13 15:02:00,26.14,normal,1793,red
58,2026-07-15 14:12:00,26.14,ranked_solo,2332,blue
59,2026-07-15 11:21:00,26.14,ranked_solo,1300,red
60,2026-07-16 17:38:00,26.14,normal,2436,red
61,2026-07-17 18:27:00,26.14,ranked_solo,1699,blue
62,2026-07-18 21:38:00,26.14,ranked_solo,1802,blue
63,2026-07-18 17:13:00,26.14,ranked_flex,1820,blue
64,2026-07-19 18:40:00,26.14,normal,2176,blue
65,2026-07-20 12:33:00,26.14,ranked_solo,1747,blue
66,2026-07-21 11:14:00,26.14,ranked_solo,1302,red
67,2026-07-22 23:53:00,26.14,ranked_solo,1274,blue
68,2026-07-22 17:56:00,26.14,ranked_flex,1538,blue
69,2026-07-23 20:47:00,26.14,normal,1844,blue
70,2026-07-23 22:49:00,26.14,normal,1901,red
71,2026-07-25 18:28:00,26.14,ranked_solo,2422,blue
72,2026-07-25 20:50:00,26.14,ranked_solo,2001,red
73,2026-07-26 15:38:00,26.14,ranked_solo,1983,red
74,2026-07-27 10:24:00,26.15,ranked_solo,2050,blue
75,2026-07-28 10:09:00,26.15,normal,1995,red
76,2026-07-29 20:21:00,26.15,normal,1814,red
77,2026-07-29 22:07:00,26.15,ranked_solo,2129,blue
78,2026-07-30 12:44:00,26.15,normal,1657,blue
79,2026-07-31 19:28:00,26.15,ranked_flex,1699,red
80,2026-08-01 15:56:00,26.15,ranked_solo,1915,red
81,2026-08-02 21:56:00,26.15,ranked_solo,1899,blue
82,2026-08-02 16:37:00,26.15,ranked_solo,1714,blue
83,2026-08-03 10:52:00,26.15,ranked_solo,2076,blue
84,2026-08-03 12:50:00,26.15,ranked_solo,1312,blue
85,2026-08-04 21:08:00,26.15,ranked_solo,1754,blue
86,2026-08-05 23:23:00,26.15,ranked_solo,1221,blue
87,2026-08-06 16:19:00,26.15,ranked_solo,1912,red
88,2026-08-06 23:07:00,26.15,ranked_solo,1774,red
89,2026-08-07 21:30:00,26.15,normal,1788,red
90,2026-08-09 19:48:00,26.15,ranked_flex,1852,blue
91,2026-08-09 18:32:00,26.15,ranked_solo,2301,red
92,2026-08-10 19:46:00,26.16,ranked_solo,1667,red
93,2026-08-10 23:02:00,26.16,ranked_solo,2141,red
94,2026-08-11 11:46:00,26.16,ranked_flex,1695,blue
95,2026-08-12 18:55:00,26.16,ranked_solo,1439,red
96,2026-08-12 17:51:00,26.16,ranked_solo,1967,red
97,2026-08-13 21:15:00,26.16,ranked_solo,1557,red
98,2026-08-14 11:37:00,26.16,ranked_solo,2063,blue
99,2026-08-16 21:51:00,26.16,ranked_solo,1722,blue
100,2026-08-16 19:56:00,26.16,ranked_solo,1159,red
101,2026-08-17 11:11:00,26.16,ranked_solo,1611,blue
102,2026-08-17 19:06:00,26.16,normal,2015,blue
103,2026-08-18 16:43:00,26.16,ranked_solo,1673,blue
104,2026-08-19 13:06:00,26.16,ranked_solo,2099,blue
105,2026-08-20 12:01:00,26.16,ranked_flex,1915,red
106,2026-08-20 16:30:00,26.16,ranked_flex,1630,red
107,2026-08-21 12:12:00,26.16,ranked_solo,1759,blue
108,2026-08-22 17:38:00,26.16,ranked_solo,1791,blue
109,2026-08-23 17:33:00,26.16,ranked_solo,1334,red
110,2026-08-24 19:57:00,26.16,ranked_solo,2369,red
111,2026-08-25 13:26:00,26.16,ranked_solo,2383,red
112,2026-08-26 22:59:00,26.16,ranked_solo,1579,red
113,2026-08-25 21:33:00,26.16,ranked_solo,1989,red
114,2026-08-27 13:13:00,26.16,ranked_solo,2292,red
115,2026-08-28 19:14:00,26.16,ranked_solo,2005,blue
116,2026-08-29 17:05:00,26.16,ranked_solo,2132,red
117,2026-08-29 17:33:00,26.16,ranked_solo,1597,red
118,2026-08-30 15:40:00,26.16,ranked_solo,2096,red
119,2026-08-31 19:19:00,26.16,normal,1465,red
120,2026-09-01 16:28:00,26.16,normal,2041,red
