match_id,player_id,slot,item_id
1,26,1,3
1,26,2,8
1,26,3,22
1,26,4,21
1,26,5,19
1,26,6,9
1,17,1,3
1,17,2,19
1,17,3,20
1,17,4,24
1,17,5,18
1,17,6,25
1,18,1,2
1,18,2,16
1,18,3,13
1,18,4,15
1,18,5,14
1,4,1,1
1,4,2,12
1,4,3,21
1,4,4,7
1,4,5,10
1,4,6,11
1,20,1,5
1,20,2,25
1,20,3,24
1,20,4,15
1,20,5,23
1,11,1,3
1,11,2,24
1,11,3,25
1,11,4,19
1,11,5,20
1,11,6,18
1,27,1,3
1,27,2,9
1,27,3,19
1,27,4,21
1,27,5,22
1,27,6,18
1,28,1,2
1,28,2,15
1,28,3,16
1,28,4,13
1,28,5,14
1,9,1,1
1,9,2,10
1,9,3,11
1,9,4,7
1,9,5,12
1,9,6,21
1,22,1,4
1,22,2,19
1,22,3,25
1,22,4,18
1,22,5,20
1,22,6,24
2,9,1,1
2,9,2,12
2,9,3,21
2,25,1,3
2,25,2,10
2,25,3,21
2,8,1,5
2,8,2,15
2,8,3,16
2,24,1,1
2,24,2,6
2,24,3,11
2,20,1,5
2,20,2,25
2,20,3,23
2,11,1,4
2,11,2,8
2,11,3,21
2,27,1,3
2,27,2,21
2,27,3,8
2,13,1,5
2,13,2,8
2,13,3,21
2,4,1,1
2,4,2,11
2,4,3,10
2,15,1,2
2,15,2,13
2,15,3,15
3,21,1,4
3,21,2,18
3,21,3,9
3,21,4,8
3,27,1,3
3,27,2,9
3,27,3,19
3,27,4,18
3,23,1,4
3,23,2,21
3,23,3,18
3,23,4,8
3,25,1,1
3,25,2,12
3,25,3,10
3,25,4,11
3,20,1,5
3,20,2,14
3,20,3,15
3,20,4,16
3,26,1,4
3,26,2,19
3,26,3,9
3,26,4,22
3,12,1,3
3,12,2,21
3,12,3,10
3,12,4,8
3,17,1,2
3,17,2,15
3,17,3,16
3,17,4,13
3,24,1,1
3,24,2,6
3,24,3,10
3,24,4,12
3,15,1,3
3,15,2,25
3,15,3,18
3,15,4,20
4,21,1,3
4,21,2,22
4,21,3,9
4,21,4,8
4,21,5,19
4,23,1,4
4,23,2,19
4,23,3,8
4,23,4,9
4,23,5,22
4,28,1,5
4,28,2,10
4,28,3,8
4,28,4,11
4,28,5,21
4,24,1,1
4,24,2,7
4,24,3,21
4,24,4,12
4,24,5,11
4,5,1,5
4,5,2,23
4,5,3,15
4,5,4,24
4,5,5,25
4,1,1,1
4,1,2,6
4,1,3,21
4,1,4,7
4,1,5,11
4,17,1,5
4,17,2,8
4,17,3,11
4,17,4,10
4,17,5,21
4,8,1,5
4,8,2,13
4,8,3,15
4,8,4,16
4,8,5,14
4,9,1,1
4,9,2,10
4,9,3,7
4,9,4,11
4,9,5,12
4,10,1,3
4,10,2,24
4,10,3,25
4,10,4,18
4,10,5,19
5,26,1,1
5,26,2,21
5,26,3,7
5,26,4,11
5,26,5,12
5,19,1,3
5,19,2,8
5,19,3,21
5,19,4,18
5,19,5,22
5,23,1,3
5,23,2,22
5,23,3,9
5,23,4,19
5,23,5,18
5,9,1,1
5,9,2,11
5,9,3,6
5,9,4,21
5,9,5,7
5,10,1,3
5,10,2,25
5,10,3,19
5,10,4,24
5,10,5,18
5,1,1,4
5,1,2,21
5,1,3,9
5,1,4,8
5,1,5,22
5,22,1,3
5,22,2,11
5,22,3,10
5,22,4,12
5,22,5,21
5,17,1,5
5,17,2,11
5,17,3,8
5,17,4,21
5,17,5,12
5,24,1,1
5,24,2,11
5,24,3,21
5,24,4,6
5,24,5,7
5,8,1,5
5,8,2,24
5,8,3,23
5,8,4,25
5,8,5,15
6,11,1,3
6,11,2,19
6,11,3,22
6,12,1,4
6,12,2,8
6,12,3,18
6,8,1,3
6,8,2,11
6,8,3,12
6,19,1,1
6,19,2,6
6,19,3,10
6,10,1,5
6,10,2,14
6,10,3,15
6,1,1,1
6,1,2,10
6,1,3,6
6,27,1,3
6,27,2,8
6,27,3,10
6,23,1,2
6,23,2,16
6,23,3,13
6,9,1,1
6,9,2,6
6,9,3,10
6,15,1,4
6,15,2,19
6,15,3,24
7,11,1,3
7,11,2,21
7,11,3,22
7,11,4,19
7,11,5,9
7,7,1,3
7,7,2,20
7,7,3,18
7,7,4,24
7,7,5,19
7,28,1,3
7,28,2,9
7,28,3,21
7,28,4,19
7,28,5,22
7,19,1,1
7,19,2,10
7,19,3,6
7,19,4,21
7,19,5,7
7,10,1,3
7,10,2,25
7,10,3,19
7,10,4,24
7,10,5,18
7,16,1,4
7,16,2,20
7,16,3,19
7,16,4,18
7,16,5,25
7,15,1,4
7,15,2,8
7,15,3,9
7,15,4,22
7,15,5,19
7,9,1,2
7,9,2,15
7,9,3,14
7,9,4,16
7,9,5,13
7,4,1,1
7,4,2,11
7,4,3,6
7,4,4,12
7,4,5,21
7,25,1,2
7,25,2,14
7,25,3,13
7,25,4,16
7,25,5,15
8,26,1,4
8,26,2,9
8,26,3,21
8,26,4,8
8,26,5,18
8,2,1,4
8,2,2,22
8,2,3,19
8,2,4,9
8,2,5,21
8,23,1,5
8,23,2,13
8,23,3,16
8,23,4,15
8,23,5,14
8,14,1,1
8,14,2,11
8,14,3,10
8,14,4,6
8,14,5,12
8,8,1,3
8,8,2,20
8,8,3,25
8,8,4,18
8,8,5,19
8,1,1,3
8,1,2,18
8,1,3,19
8,1,4,25
8,1,5,20
8,27,1,3
8,27,2,19
8,27,3,18
8,27,4,8
8,27,5,9
8,28,1,2
8,28,2,13
8,28,3,16
8,28,4,15
8,28,5,14
8,19,1,1
8,19,2,21
8,19,3,10
8,19,4,12
8,19,5,7
8,10,1,5
8,10,2,24
8,10,3,15
8,10,4,23
8,10,5,25
9,13,1,1
9,13,2,6
9,13,3,21
9,13,4,11
9,22,1,3
9,22,2,19
9,22,3,22
9,22,4,8
9,8,1,2
9,8,2,16
9,8,3,13
9,8,4,14
9,9,1,1
9,9,2,12
9,9,3,21
9,9,4,10
9,25,1,3
9,25,2,18
9,25,3,24
9,25,4,19
9,11,1,4
9,11,2,19
9,11,3,9
9,11,4,21
9,12,1,3
9,12,2,11
9,12,3,12
9,12,4,8
9,15,1,3
9,15,2,8
9,15,3,12
9,15,4,10
9,4,1,1
9,4,2,21
9,4,3,7
9,4,4,12
9,10,1,5
9,10,2,23
9,10,3,25
9,10,4,15
10,16,1,3
10,16,2,24
10,16,3,19
10,16,4,18
10,16,5,20
10,5,1,4
10,5,2,8
10,5,3,9
10,5,4,21
10,5,5,19
10,13,1,2
10,13,2,14
10,13,3,15
10,13,4,16
10,13,5,13
10,14,1,1
10,14,2,7
10,14,3,21
10,14,4,12
10,14,5,10
10,25,1,5
10,25,2,24
10,25,3,15
10,25,4,23
10,25,5,25
10,21,1,3
10,21,2,18
10,21,3,9
10,21,4,21
10,21,5,19
10,17,1,3
10,17,2,21
10,17,3,12
10,17,4,8
10,17,5,10
10,18,1,5
10,18,2,13
10,18,3,14
10,18,4,16
10,18,5,15
10,24,1,1
10,24,2,12
10,24,3,7
10,24,4,11
10,24,5,10
10,20,1,3
10,20,2,20
10,20,3,24
10,20,4,18
10,20,5,19
11,4,1,3
11,4,2,18
11,4,3,20
11,27,1,3
11,27,2,18
11,27,3,20
11,18,1,5
11,18,2,13
11,18,3,15
11,24,1,1
11,24,2,12
11,24,3,7
11,15,1,5
11,15,2,24
11,15,3,25
11,26,1,3
11,26,2,21
11,26,3,8
11,22,1,4
11,22,2,22
11,22,3,18
11,23,1,5
11,23,2,13
11,23,3,14
11,9,1,1
11,9,2,12
11,9,3,7
11,25,1,4
11,25,2,20
11,25,3,19
12,21,1,3
12,21,2,18
12,21,3,19
12,21,4,24
12,7,1,4
12,7,2,24
12,7,3,20
12,7,4,19
12,23,1,5
12,23,2,13
12,23,3,16
12,23,4,14
12,4,1,1
12,4,2,6
12,4,3,7
12,4,4,11
12,16,1,5
12,16,2,15
12,16,3,23
12,16,4,24
12,5,1,1
12,5,2,21
12,5,3,12
12,5,4,10
12,27,1,5
12,27,2,10
12,27,3,8
12,27,4,12
12,18,1,3
12,18,2,8
12,18,3,9
12,18,4,19
12,24,1,1
12,24,2,11
12,24,3,12
12,24,4,6
12,15,1,4
12,15,2,24
12,15,3,20
12,15,4,25
13,11,1,4
13,11,2,22
13,11,3,18
13,22,1,5
13,22,2,11
13,22,3,12
13,8,1,5
13,8,2,15
13,8,3,13
13,9,1,1
13,9,2,10
13,9,3,12
13,17,1,4
13,17,2,18
13,17,3,20
13,1,1,1
13,1,2,6
13,1,3,21
13,2,1,3
13,2,2,20
13,2,3,18
13,18,1,4
13,18,2,8
13,18,3,18
13,15,1,1
13,15,2,12
13,15,3,7
13,10,1,5
13,10,2,15
13,10,3,24
14,1,1,3
14,1,2,22
14,1,3,9
14,1,4,21
14,5,1,4
14,5,2,19
14,5,3,8
14,5,4,18
14,13,1,2
14,13,2,13
14,13,3,16
14,13,4,15
14,9,1,1
14,9,2,21
14,9,3,6
14,9,4,10
14,2,1,5
14,2,2,15
14,2,3,13
14,2,4,14
14,6,1,4
14,6,2,21
14,6,3,19
14,6,4,9
14,15,1,3
14,15,2,20
14,15,3,18
14,15,4,24
14,28,1,5
14,28,2,15
14,28,3,14
14,28,4,13
14,19,1,1
14,19,2,21
14,19,3,12
14,19,4,10
14,10,1,5
14,10,2,23
14,10,3,24
14,10,4,25
15,1,1,4
15,1,2,9
15,1,3,8
15,1,4,18
15,1,5,21
15,27,1,4
15,27,2,22
15,27,3,21
15,27,4,8
15,27,5,18
15,3,1,5
15,3,2,15
15,3,3,16
15,3,4,13
15,3,5,14
15,25,1,1
15,25,2,7
15,25,3,11
15,25,4,21
15,25,5,6
15,20,1,4
15,20,2,20
15,20,3,19
15,20,4,24
15,20,5,18
15,8,1,3
15,8,2,19
15,8,3,20
15,8,4,18
15,8,5,24
15,17,1,3
15,17,2,8
15,17,3,12
15,17,4,11
15,17,5,21
15,9,1,4
15,9,2,21
15,9,3,8
15,9,4,22
15,9,5,9
15,16,1,1
15,16,2,7
15,16,3,6
15,16,4,12
15,16,5,21
15,10,1,5
15,10,2,15
15,10,3,25
15,10,4,23
15,10,5,24
16,6,1,3
16,6,2,8
16,6,3,19
16,7,1,5
16,7,2,11
16,7,3,21
16,18,1,5
16,18,2,10
16,18,3,8
16,9,1,1
16,9,2,11
16,9,3,10
16,4,1,5
16,4,2,16
16,4,3,14
16,21,1,4
16,21,2,21
16,21,3,8
16,22,1,4
16,22,2,18
16,22,3,22
16,13,1,3
16,13,2,18
16,13,3,9
16,8,1,1
16,8,2,10
16,8,3,11
16,5,1,3
16,5,2,24
16,5,3,25
17,12,1,4
17,12,2,8
17,12,3,22
17,12,4,19
17,12,5,18
17,12,6,21
17,17,1,3
17,17,2,10
17,17,3,11
17,17,4,12
17,17,5,21
17,17,6,8
17,23,1,5
17,23,2,15
17,23,3,14
17,23,4,13
17,23,5,16
17,4,1,1
17,4,2,6
17,4,3,7
17,4,4,11
17,4,5,21
17,4,6,12
17,28,1,3
17,28,2,18
17,28,3,20
17,28,4,24
17,28,5,25
17,28,6,19
17,10,1,1
17,10,2,11
17,10,3,12
17,10,4,21
17,10,5,6
17,10,6,7
17,22,1,4
17,22,2,20
17,22,3,24
17,22,4,18
17,22,5,19
17,22,6,25
17,13,1,5
17,13,2,13
17,13,3,16
17,13,4,14
17,13,5,15
17,9,1,1
17,9,2,7
17,9,3,21
17,9,4,6
17,9,5,10
17,9,6,12
17,25,1,3
17,25,2,24
17,25,3,25
17,25,4,18
17,25,5,20
17,25,6,19
18,21,1,3
18,21,2,19
18,21,3,18
18,21,4,21
18,12,1,4
18,12,2,9
18,12,3,19
18,12,4,8
18,8,1,5
18,8,2,13
18,8,3,14
18,8,4,16
18,4,1,1
18,4,2,11
18,4,3,12
18,4,4,21
18,10,1,4
18,10,2,25
18,10,3,24
18,10,4,20
18,26,1,3
18,26,2,22
18,26,3,8
18,26,4,18
18,27,1,3
18,27,2,12
18,27,3,10
18,27,4,8
18,25,1,3
18,25,2,10
18,25,3,11
18,25,4,12
18,14,1,1
18,14,2,12
18,14,3,10
18,14,4,11
18,28,1,3
18,28,2,19
18,28,3,25
18,28,4,18
19,6,1,3
19,6,2,19
19,6,3,18
19,22,1,3
19,22,2,18
19,22,3,8
19,23,1,2
19,23,2,15
19,23,3,13
19,14,1,1
19,14,2,10
19,14,3,11
19,20,1,2
19,20,2,15
19,20,3,13
19,1,1,4
19,1,2,19
19,1,3,22
19,2,1,4
19,2,2,8
19,2,3,22
19,28,1,3
19,28,2,8
19,28,3,21
19,26,1,1
19,26,2,21
19,26,3,11
19,5,1,5
19,5,2,23
19,5,3,24
20,6,1,1
20,6,2,12
20,6,3,7
20,27,1,3
20,27,2,18
20,27,3,9
20,18,1,2
20,18,2,15
20,18,3,16
20,24,1,1
20,24,2,21
20,24,3,10
20,25,1,3
20,25,2,20
20,25,3,19
20,11,1,3
20,11,2,19
20,11,3,18
20,12,1,5
20,12,2,10
20,12,3,12
20,8,1,5
20,8,2,11
20,8,3,21
20,15,1,1
20,15,2,10
20,15,3,12
20,10,1,5
20,10,2,25
20,10,3,15
21,6,1,4
21,6,2,19
21,6,3,20
21,6,4,25
21,6,5,24
21,6,6,18
21,25,1,5
21,25,2,11
21,25,3,10
21,25,4,12
21,25,5,8
21,25,6,21
21,28,1,5
21,28,2,13
21,28,3,14
21,28,4,15
21,28,5,16
21,19,1,1
21,19,2,6
21,19,3,11
21,19,4,21
21,19,5,10
21,19,6,7
21,15,1,3
21,15,2,19
21,15,3,25
21,15,4,20
21,15,5,24
21,15,6,18
21,11,1,4
21,11,2,22
21,11,3,8
21,11,4,18
21,11,5,21
21,11,6,9
21,17,1,3
21,17,2,24
21,17,3,18
21,17,4,25
21,17,5,20
21,17,6,19
21,23,1,4
21,23,2,19
21,23,3,22
21,23,4,8
21,23,5,18
21,23,6,9
21,9,1,1
21,9,2,21
21,9,3,7
21,9,4,6
21,9,5,11
21,9,6,10
21,5,1,5
21,5,2,15
21,5,3,13
21,5,4,14
21,5,5,16
22,16,1,4
22,16,2,18
22,16,3,8
22,16,4,21
22,16,5,9
22,22,1,3
22,22,2,21
22,22,3,10
22,22,4,11
22,22,5,8
22,28,1,3
22,28,2,18
22,28,3,21
22,28,4,22
22,28,5,19
22,24,1,1
22,24,2,7
22,24,3,12
22,24,4,11
22,24,5,10
22,13,1,3
22,13,2,25
22,13,3,20
22,13,4,19
22,13,5,24
22,26,1,3
22,26,2,21
22,26,3,8
22,26,4,18
22,26,5,22
22,12,1,4
22,12,2,21
22,12,3,22
22,12,4,9
22,12,5,8
22,5,1,5
22,5,2,15
22,5,3,14
22,5,4,13
22,5,5,16
22,9,1,1
22,9,2,21
22,9,3,11
22,9,4,7
22,9,5,12
22,15,1,5
22,15,2,25
22,15,3,24
22,15,4,23
22,15,5,15
23,20,1,1
23,20,2,10
23,20,3,7
23,12,1,5
23,12,2,12
23,12,3,10
23,8,1,4
23,8,2,21
23,8,3,18
23,9,1,1
23,9,2,21
23,9,3,10
23,13,1,5
23,13,2,15
23,13,3,23
23,16,1,4
23,16,2,19
23,16,3,22
23,7,1,5
23,7,2,10
23,7,3,21
23,18,1,2
23,18,2,16
23,18,3,13
23,24,1,1
23,24,2,12
23,24,3,6
23,10,1,3
23,10,2,20
23,10,3,25
24,6,1,1
24,6,2,21
24,6,3,12
24,6,4,7
24,6,5,11
24,12,1,4
24,12,2,8
24,12,3,18
24,12,4,22
24,12,5,21
24,14,1,5
24,14,2,13
24,14,3,14
24,14,4,16
24,14,5,15
24,24,1,1
24,24,2,11
24,24,3,12
24,24,4,6
24,24,5,7
24,20,1,5
24,20,2,25
24,20,3,23
24,20,4,24
24,20,5,15
24,1,1,3
24,1,2,9
24,1,3,8
24,1,4,19
24,1,5,22
24,3,1,3
24,3,2,9
24,3,3,19
24,3,4,22
24,3,5,21
24,28,1,5
24,28,2,10
24,28,3,21
24,28,4,11
24,28,5,8
24,9,1,1
24,9,2,21
24,9,3,10
24,9,4,7
24,9,5,12
24,5,1,5
24,5,2,15
24,5,3,25
24,5,4,24
24,5,5,23
25,6,1,1
25,6,2,12
25,6,3,10
25,28,1,4
25,28,2,21
25,28,3,19
25,3,1,2
25,3,2,14
25,3,3,16
25,9,1,1
25,9,2,6
25,9,3,10
25,25,1,3
25,25,2,25
25,25,3,24
25,26,1,4
25,26,2,22
25,26,3,9
25,17,1,4
25,17,2,21
25,17,3,9
25,23,1,2
25,23,2,14
25,23,3,15
25,19,1,1
25,19,2,10
25,19,3,6
25,15,1,5
25,15,2,23
25,15,3,25
26,6,1,3
26,6,2,18
26,6,3,25
26,27,1,5
26,27,2,11
26,27,3,10
26,28,1,5
26,28,2,14
26,28,3,16
26,15,1,1
26,15,2,11
26,15,3,10
26,5,1,5
26,5,2,25
26,5,3,24
26,26,1,3
26,26,2,19
26,26,3,8
26,17,1,4
26,17,2,25
26,17,3,24
26,14,1,4
26,14,2,21
26,14,3,22
26,9,1,1
26,9,2,11
26,9,3,7
26,25,1,5
26,25,2,14
26,25,3,13
27,26,1,4
27,26,2,18
27,26,3,8
27,26,4,22
27,7,1,5
27,7,2,21
27,7,3,11
27,7,4,8
27,18,1,5
27,18,2,15
27,18,3,14
27,18,4,13
27,4,1,1
27,4,2,7
27,4,3,12
27,4,4,6
27,20,1,3
27,20,2,20
27,20,3,18
27,20,4,24
27,5,1,4
27,5,2,21
27,5,3,19
27,5,4,18
27,12,1,3
27,12,2,8
27,12,3,19
27,12,4,22
27,23,1,4
27,23,2,18
27,23,3,21
27,23,4,22
27,16,1,1
27,16,2,6
27,16,3,7
27,16,4,10
27,10,1,5
27,10,2,23
27,10,3,15
27,10,4,24
28,1,1,1
28,1,2,7
28,1,3,10
28,1,4,11
28,1,5,6
28,27,1,3
28,27,2,21
28,27,3,8
28,27,4,18
28,27,5,9
28,23,1,5
28,23,2,21
28,23,3,8
28,23,4,10
28,23,5,11
28,24,1,1
28,24,2,7
28,24,3,11
28,24,4,21
28,24,5,6
28,10,1,4
28,10,2,20
28,10,3,18
28,10,4,19
28,10,5,25
28,12,1,4
28,12,2,22
28,12,3,9
28,12,4,21
28,12,5,18
28,17,1,5
28,17,2,11
28,17,3,8
28,17,4,21
28,17,5,10
28,14,1,2
28,14,2,16
28,14,3,14
28,14,4,13
28,14,5,15
28,4,1,1
28,4,2,10
28,4,3,11
28,4,4,7
28,4,5,6
28,25,1,5
28,25,2,16
28,25,3,13
28,25,4,15
28,25,5,14
29,21,1,1
29,21,2,10
29,21,3,7
29,21,4,21
29,7,1,3
29,7,2,21
29,7,3,8
29,7,4,11
29,8,1,2
29,8,2,15
29,8,3,16
29,8,4,14
29,19,1,1
29,19,2,10
29,19,3,11
29,19,4,12
29,20,1,4
29,20,2,18
29,20,3,25
29,20,4,20
29,16,1,3
29,16,2,20
29,16,3,25
29,16,4,24
29,27,1,4
29,27,2,20
29,27,3,18
29,27,4,19
29,18,1,2
29,18,2,15
29,18,3,13
29,18,4,14
29,12,1,1
29,12,2,10
29,12,3,7
29,12,4,11
29,25,1,5
29,25,2,13
29,25,3,16
29,25,4,14
30,26,1,4
30,26,2,9
30,26,3,8
30,22,1,3
30,22,2,10
30,22,3,21
30,19,1,2
30,19,2,15
30,19,3,13
30,4,1,1
30,4,2,6
30,4,3,11
30,3,1,4
30,3,2,25
30,3,3,19
30,2,1,3
30,2,2,25
30,2,3,19
30,12,1,5
30,12,2,21
30,12,3,12
30,8,1,2
30,8,2,15
30,8,3,14
30,25,1,1
30,25,2,11
30,25,3,10
30,15,1,5
30,15,2,24
30,15,3,23
31,16,1,3
31,16,2,18
31,16,3,21
31,17,1,5
31,17,2,12
31,17,3,11
31,8,1,2
31,8,2,14
31,8,3,16
31,7,1,1
31,7,2,11
31,7,3,12
31,15,1,3
31,15,2,19
31,15,3,20
31,24,1,4
31,24,2,8
31,24,3,22
31,9,1,4
31,9,2,18
31,9,3,22
31,3,1,3
31,3,2,8
31,3,3,12
31,4,1,1
31,4,2,11
31,4,3,21
31,25,1,4
31,25,2,18
31,25,3,20
32,28,1,3
32,28,2,9
32,28,3,18
32,28,4,22
32,28,5,8
32,20,1,3
32,20,2,9
32,20,3,21
32,20,4,8
32,20,5,22
32,13,1,5
32,13,2,15
32,13,3,14
32,13,4,16
32,13,5,13
32,6,1,1
32,6,2,6
32,6,3,11
32,6,4,12
32,6,5,21
32,5,1,2
32,5,2,14
32,5,3,15
32,5,4,13
32,5,5,16
32,16,1,4
32,16,2,25
32,16,3,19
32,16,4,24
32,16,5,20
32,19,1,3
32,19,2,8
32,19,3,22
32,19,4,21
32,19,5,9
32,23,1,2
32,23,2,15
32,23,3,16
32,23,4,14
32,23,5,13
32,2,1,1
32,2,2,7
32,2,3,10
32,2,4,21
32,2,5,11
32,25,1,3
32,25,2,20
32,25,3,24
32,25,4,19
32,25,5,18
33,11,1,4
33,11,2,9
33,11,3,21
33,11,4,18
33,2,1,4
33,2,2,9
33,2,3,8
33,2,4,18
33,28,1,4
33,28,2,18
33,28,3,8
33,28,4,21
33,24,1,1
33,24,2,6
33,24,3,7
33,24,4,21
33,20,1,2
33,20,2,13
33,20,3,16
33,20,4,14
33,21,1,1
33,21,2,11
33,21,3,21
33,21,4,10
33,12,1,3
33,12,2,19
33,12,3,18
33,12,4,8
33,23,1,5
33,23,2,14
33,23,3,13
33,23,4,15
33,19,1,1
33,19,2,12
33,19,3,7
33,19,4,11
33,8,1,5
33,8,2,15
33,8,3,25
33,8,4,24
34,26,1,3
34,26,2,19
34,26,3,8
34,26,4,21
34,20,1,3
34,20,2,12
34,20,3,21
34,20,4,10
34,28,1,3
34,28,2,12
34,28,3,21
34,28,4,10
34,19,1,1
34,19,2,21
34,19,3,10
34,19,4,12
34,5,1,5
34,5,2,15
34,5,3,23
34,5,4,25
34,8,1,4
34,8,2,18
34,8,3,19
34,8,4,22
34,16,1,4
34,16,2,21
34,16,3,9
34,16,4,18
34,10,1,2
34,10,2,16
34,10,3,13
34,10,4,14
34,3,1,1
34,3,2,10
34,3,3,7
34,3,4,21
34,25,1,3
34,25,2,20
34,25,3,19
34,25,4,18
35,9,1,4
35,9,2,24
35,9,3,25
35,27,1,4
35,27,2,20
35,27,3,24
35,18,1,3
35,18,2,18
35,18,3,22
35,3,1,1
35,3,2,6
35,3,3,11
35,25,1,2
35,25,2,16
35,25,3,14
35,26,1,4
35,26,2,19
35,26,3,8
35,22,1,3
35,22,2,22
35,22,3,21
35,23,1,5
35,23,2,16
35,23,3,13
35,19,1,1
35,19,2,10
35,19,3,21
35,20,1,5
35,20,2,15
35,20,3,24
36,6,1,1
36,6,2,6
36,6,3,7
36,2,1,3
36,2,2,18
36,2,3,9
36,18,1,3
36,18,2,12
36,18,3,21
36,19,1,1
36,19,2,6
36,19,3,11
36,15,1,4
36,15,2,20
36,15,3,25
36,26,1,4
36,26,2,22
36,26,3,21
36,22,1,3
36,22,2,10
36,22,3,11
36,8,1,4
36,8,2,19
36,8,3,9
36,4,1,1
36,4,2,7
36,4,3,11
36,5,1,3
36,5,2,25
36,5,3,18
37,11,1,1
37,11,2,7
37,11,3,10
37,17,1,4
37,17,2,25
37,17,3,24
37,23,1,3
37,23,2,8
37,23,3,12
37,24,1,1
37,24,2,11
37,24,3,7
37,25,1,5
37,25,2,25
37,25,3,15
37,26,1,3
37,26,2,18
37,26,3,8
37,7,1,4
37,7,2,9
37,7,3,18
37,3,1,2
37,3,2,13
37,3,3,16
37,14,1,1
37,14,2,6
37,14,3,7
37,15,1,3
37,15,2,19
37,15,3,20
38,16,1,3
38,16,2,19
38,16,3,8
38,16,4,22
38,9,1,5
38,9,2,11
38,9,3,10
38,9,4,8
38,15,1,5
38,15,2,8
38,15,3,11
38,15,4,10
38,19,1,1
38,19,2,12
38,19,3,11
38,19,4,10
38,20,1,3
38,20,2,18
38,20,3,20
38,20,4,19
38,6,1,4
38,6,2,21
38,6,3,22
38,6,4,8
38,22,1,3
38,22,2,18
38,22,3,24
38,22,4,25
38,8,1,5
38,8,2,13
38,8,3,15
38,8,4,16
38,13,1,1
38,13,2,21
38,13,3,12
38,13,4,7
38,10,1,3
38,10,2,19
38,10,3,24
38,10,4,25
39,16,1,3
39,16,2,8
39,16,3,18
39,16,4,19
39,16,5,9
39,22,1,3
39,22,2,10
39,22,3,12
39,22,4,8
39,22,5,11
39,28,1,5
39,28,2,15
39,28,3,13
39,28,4,16
39,28,5,14
39,19,1,1
39,19,2,6
39,19,3,10
39,19,4,7
39,19,5,11
39,25,1,5
39,25,2,23
39,25,3,15
39,25,4,24
39,25,5,25
39,10,1,4
39,10,2,21
39,10,3,8
39,10,4,9
39,10,5,19
39,27,1,4
39,27,2,22
39,27,3,8
39,27,4,19
39,27,5,18
39,13,1,2
39,13,2,14
39,13,3,13
39,13,4,16
39,13,5,15
39,14,1,1
39,14,2,10
39,14,3,11
39,14,4,6
39,14,5,21
39,20,1,2
39,20,2,16
39,20,3,15
39,20,4,14
39,20,5,13
40,12,1,4
40,12,2,18
40,12,3,22
40,12,4,21
40,12,5,19
40,22,1,3
40,22,2,19
40,22,3,25
40,22,4,18
40,22,5,24
40,4,1,2
40,4,2,14
40,4,3,16
40,4,4,13
40,4,5,15
40,19,1,1
40,19,2,7
40,19,3,6
40,19,4,12
40,19,5,10
40,28,1,5
40,28,2,15
40,28,3,25
40,28,4,24
40,28,5,23
40,26,1,3
40,26,2,9
40,26,3,19
40,26,4,22
40,26,5,8
40,17,1,3
40,17,2,21
40,17,3,12
40,17,4,10
40,17,5,11
40,24,1,4
40,24,2,21
40,24,3,19
40,24,4,9
40,24,5,18
40,9,1,1
40,9,2,6
40,9,3,11
40,9,4,12
40,9,5,7
40,20,1,2
40,20,2,14
40,20,3,15
40,20,4,16
40,20,5,13
41,1,1,4
41,1,2,8
41,1,3,9
41,2,1,4
41,2,2,19
41,2,3,18
41,24,1,3
41,24,2,8
41,24,3,22
41,9,1,1
41,9,2,12
41,9,3,7
41,15,1,4
41,15,2,19
41,15,3,25
41,26,1,3
41,26,2,8
41,26,3,18
41,7,1,3
41,7,2,21
41,7,3,11
41,28,1,2
41,28,2,15
41,28,3,13
41,14,1,1
41,14,2,21
41,14,3,11
41,10,1,3
41,10,2,24
41,10,3,20
42,5,1,3
42,5,2,21
42,5,3,8
42,5,4,9
42,5,5,18
42,22,1,5
42,22,2,11
42,22,3,12
42,22,4,10
42,22,5,21
42,18,1,5
42,18,2,21
42,18,3,10
42,18,4,12
42,18,5,8
42,14,1,1
42,14,2,11
42,14,3,10
42,14,4,6
42,14,5,21
42,25,1,5
42,25,2,25
42,25,3,24
42,25,4,23
42,25,5,15
42,6,1,3
42,6,2,9
42,6,3,8
42,6,4,21
42,6,5,22
42,27,1,5
42,27,2,21
42,27,3,8
42,27,4,12
42,27,5,11
42,28,1,5
42,28,2,15
42,28,3,16
42,28,4,14
42,28,5,13
42,1,1,1
42,1,2,21
42,1,3,6
42,1,4,11
42,1,5,7
42,10,1,5
42,10,2,15
42,10,3,25
42,10,4,23
42,10,5,24
43,16,1,4
43,16,2,9
43,16,3,19
43,22,1,3
43,22,2,11
43,22,3,8
43,23,1,5
43,23,2,14
43,23,3,15
43,24,1,1
43,24,2,21
43,24,3,7
43,11,1,2
43,11,2,13
43,11,3,15
43,6,1,4
43,6,2,8
43,6,3,18
43,2,1,3
43,2,2,22
43,2,3,8
43,18,1,2
43,18,2,14
43,18,3,16
43,20,1,1
43,20,2,11
43,20,3,6
43,10,1,4
43,10,2,24
43,10,3,20
44,1,1,4
44,1,2,24
44,1,3,25
44,1,4,18
44,7,1,4
44,7,2,25
44,7,3,24
44,7,4,19
44,18,1,2
44,18,2,16
44,18,3,15
44,18,4,14
44,24,1,1
44,24,2,12
44,24,3,6
44,24,4,10
44,15,1,3
44,15,2,20
44,15,3,24
44,15,4,25
44,16,1,3
44,16,2,8
44,16,3,21
44,16,4,9
44,12,1,4
44,12,2,22
44,12,3,18
44,12,4,21
44,23,1,5
44,23,2,12
44,23,3,8
44,23,4,10
44,14,1,1
44,14,2,12
44,14,3,21
44,14,4,11
44,20,1,2
44,20,2,16
44,20,3,14
44,20,4,15
45,25,1,4
45,25,2,19
45,25,3,8
45,27,1,4
45,27,2,22
45,27,3,19
45,13,1,2
45,13,2,15
45,13,3,13
45,14,1,1
45,14,2,6
45,14,3,10
45,15,1,5
45,15,2,13
45,15,3,14
45,11,1,1
45,11,2,12
45,11,3,7
45,1,1,3
45,1,2,19
45,1,3,22
45,18,1,3
45,18,2,8
45,18,3,18
45,4,1,1
45,4,2,10
45,4,3,12
45,2,1,5
45,2,2,23
45,2,3,24
46,11,1,3
46,11,2,19
46,11,3,21
46,11,4,8
46,12,1,4
46,12,2,24
46,12,3,20
46,12,4,25
46,3,1,5
46,3,2,10
46,3,3,11
46,3,4,12
46,24,1,1
46,24,2,12
46,24,3,21
46,24,4,10
46,10,1,4
46,10,2,19
46,10,3,25
46,10,4,20
46,26,1,4
46,26,2,18
46,26,3,21
46,26,4,8
46,17,1,5
46,17,2,8
46,17,3,21
46,17,4,12
46,28,1,5
46,28,2,15
46,28,3,16
46,28,4,14
46,9,1,1
46,9,2,10
46,9,3,12
46,9,4,7
46,22,1,5
46,22,2,24
46,22,3,25
46,22,4,15
47,11,1,4
47,11,2,18
47,11,3,8
47,2,1,3
47,2,2,18
47,2,3,21
47,3,1,5
47,3,2,16
47,3,3,14
47,4,1,1
47,4,2,6
47,4,3,12
47,10,1,5
47,10,2,24
47,10,3,15
47,26,1,1
47,26,2,10
47,26,3,21
47,22,1,3
47,22,2,11
47,22,3,12
47,23,1,5
47,23,2,12
47,23,3,11
47,14,1,1
47,14,2,12
47,14,3,21
47,25,1,5
47,25,2,15
47,25,3,25
48,16,1,1
48,16,2,21
48,16,3,10
48,13,1,3
48,13,2,19
48,13,3,24
48,6,1,4
48,6,2,8
48,6,3,22
48,9,1,1
48,9,2,12
48,9,3,7
48,15,1,2
48,15,2,15
48,15,3,13
48,26,1,3
48,26,2,25
48,26,3,19
48,27,1,4
48,27,2,21
48,27,3,18
48,7,1,3
48,7,2,11
48,7,3,21
48,24,1,1
48,24,2,7
48,24,3,6
48,10,1,5
48,10,2,24
48,10,3,15
49,16,1,1
49,16,2,6
49,16,3,12
49,16,4,7
49,16,5,21
49,17,1,3
49,17,2,19
49,17,3,20
49,17,4,25
49,17,5,24
49,23,1,4
49,23,2,19
49,23,3,21
49,23,4,18
49,23,5,9
49,24,1,1
49,24,2,10
49,24,3,6
49,24,4,11
49,24,5,21
49,12,1,4
49,12,2,18
49,12,3,24
49,12,4,25
49,12,5,19
49,21,1,3
49,21,2,20
49,21,3,19
49,21,4,24
49,21,5,18
49,7,1,4
49,7,2,18
49,7,3,19
49,7,4,22
49,7,5,8
49,18,1,3
49,18,2,12
49,18,3,10
49,18,4,8
49,18,5,11
49,10,1,1
49,10,2,12
49,10,3,7
49,10,4,10
49,10,5,11
49,15,1,5
49,15,2,24
49,15,3,25
49,15,4,15
49,15,5,23
50,21,1,3
50,21,2,22
50,21,3,21
50,21,4,8
50,21,5,19
50,21,6,9
50,17,1,4
50,17,2,22
50,17,3,18
50,17,4,21
50,17,5,9
50,17,6,8
50,18,1,3
50,18,2,11
50,18,3,12
50,18,4,8
50,18,5,21
50,18,6,10
50,5,1,1
50,5,2,12
50,5,3,7
50,5,4,10
50,5,5,21
50,5,6,11
50,20,1,5
50,20,2,15
50,20,3,14
50,20,4,16
50,20,5,13
50,26,1,4
50,26,2,19
50,26,3,18
50,26,4,20
50,26,5,24
50,26,6,25
50,27,1,3
50,27,2,22
50,27,3,8
50,27,4,19
50,27,5,18
50,27,6,9
50,3,1,3
50,3,2,8
50,3,3,19
50,3,4,22
50,3,5,18
50,3,6,21
50,19,1,1
50,19,2,11
50,19,3,6
50,19,4,10
50,19,5,12
50,19,6,21
50,1,1,5
50,1,2,24
50,1,3,23
50,1,4,25
50,1,5,15
51,11,1,4
51,11,2,22
51,11,3,9
51,27,1,4
51,27,2,8
51,27,3,18
51,23,1,5
51,23,2,14
51,23,3,13
51,20,1,1
51,20,2,6
51,20,3,21
51,10,1,5
51,10,2,15
51,10,3,13
51,26,1,1
51,26,2,6
51,26,3,12
51,22,1,3
51,22,2,22
51,22,3,18
51,3,1,3
51,3,2,19
51,3,3,22
51,2,1,1
51,2,2,6
51,2,3,11
51,9,1,5
51,9,2,23
51,9,3,24
52,11,1,4
52,11,2,8
52,11,3,22
52,11,4,9
52,22,1,3
52,22,2,19
52,22,3,20
52,22,4,18
52,23,1,3
52,23,2,22
52,23,3,8
52,23,4,18
52,24,1,1
52,24,2,12
52,24,3,11
52,24,4,10
52,15,1,5
52,15,2,25
52,15,3,23
52,15,4,24
52,5,1,1
52,5,2,7
52,5,3,10
52,5,4,12
52,12,1,4
52,12,2,18
52,12,3,19
52,12,4,21
52,13,1,5
52,13,2,16
52,13,3,15
52,13,4,14
52,14,1,1
52,14,2,7
52,14,3,11
52,14,4,6
52,10,1,2
52,10,2,14
52,10,3,16
52,10,4,13
53,11,1,4
53,11,2,9
53,11,3,19
53,8,1,4
53,8,2,18
53,8,3,22
53,18,1,5
53,18,2,15
53,18,3,13
53,4,1,1
53,4,2,21
53,4,3,11
53,25,1,5
53,25,2,15
53,25,3,25
53,26,1,3
53,26,2,18
53,26,3,9
53,7,1,4
53,7,2,8
53,7,3,18
53,23,1,3
53,23,2,21
53,23,3,18
53,9,1,1
53,9,2,10
53,9,3,6
53,20,1,5
53,20,2,25
53,20,3,24
54,18,1,4
54,18,2,19
54,18,3,9
54,22,1,5
54,22,2,11
54,22,3,10
54,25,1,5
54,25,2,10
54,25,3,12
54,24,1,1
54,24,2,7
54,24,3,11
54,6,1,5
54,6,2,25
54,6,3,15
54,21,1,3
54,21,2,8
54,21,3,9
54,12,1,3
54,12,2,8
54,12,3,11
54,13,1,2
54,13,2,16
54,13,3,13
54,9,1,1
54,9,2,21
54,9,3,11
54,15,1,4
54,15,2,24
54,15,3,20
55,6,1,3
55,6,2,22
55,6,3,19
55,2,1,4
55,2,2,9
55,2,3,18
55,3,1,5
55,3,2,15
55,3,3,14
55,24,1,1
55,24,2,6
55,24,3,7
55,5,1,5
55,5,2,23
55,5,3,25
55,11,1,1
55,11,2,12
55,11,3,10
55,19,1,5
55,19,2,21
55,19,3,12
55,23,1,5
55,23,2,16
55,23,3,14
55,14,1,1
55,14,2,10
55,14,3,21
55,10,1,2
55,10,2,14
55,10,3,13
56,1,1,4
56,1,2,9
56,1,3,18
56,1,4,8
56,17,1,3
56,17,2,25
56,17,3,24
56,17,4,19
56,23,1,3
56,23,2,22
56,23,3,8
56,23,4,18
56,6,1,1
56,6,2,21
56,6,3,10
56,6,4,7
56,25,1,5
56,25,2,15
56,25,3,14
56,25,4,13
56,11,1,1
56,11,2,10
56,11,3,6
56,11,4,11
56,22,1,5
56,22,2,10
56,22,3,12
56,22,4,11
56,13,1,3
56,13,2,10
56,13,3,8
56,13,4,11
56,15,1,1
56,15,2,21
56,15,3,10
56,15,4,6
56,5,1,4
56,5,2,19
56,5,3,25
56,5,4,18
57,11,1,1
57,11,2,10
57,11,3,7
57,11,4,6
57,27,1,3
57,27,2,8
57,27,3,21
57,27,4,12
57,23,1,3
57,23,2,22
57,23,3,8
57,23,4,9
57,24,1,1
57,24,2,11
57,24,3,7
57,24,4,12
57,13,1,5
57,13,2,25
57,13,3,15
57,13,4,23
57,26,1,4
57,26,2,9
57,26,3,8
57,26,4,18
57,2,1,3
57,2,2,20
57,2,3,18
57,2,4,24
57,8,1,5
57,8,2,15
57,8,3,13
57,8,4,14
57,14,1,1
57,14,2,7
57,14,3,21
57,14,4,10
57,6,1,2
57,6,2,13
57,6,3,16
57,6,4,15
58,21,1,3
58,21,2,19
58,21,3,24
58,21,4,20
58,21,5,25
58,17,1,3
58,17,2,9
58,17,3,19
58,17,4,18
58,17,5,8
58,8,1,2
58,8,2,16
58,8,3,14
58,8,4,15
58,8,5,13
58,19,1,1
58,19,2,7
58,19,3,11
58,19,4,21
58,19,5,10
58,15,1,5
58,15,2,15
58,15,3,25
58,15,4,24
58,15,5,23
58,11,1,3
58,11,2,19
58,11,3,22
58,11,4,18
58,11,5,8
58,23,1,3
58,23,2,12
58,23,3,21
58,23,4,11
58,23,5,8
58,13,1,5
58,13,2,11
58,13,3,21
58,13,4,10
58,13,5,8
58,24,1,1
58,24,2,10
58,24,3,7
58,24,4,6
58,24,5,21
58,5,1,3
58,5,2,24
58,5,3,20
58,5,4,18
58,5,5,19
59,12,1,3
59,12,2,9
59,12,3,22
59,17,1,3
59,17,2,21
59,17,3,9
59,18,1,2
59,18,2,16
59,18,3,13
59,1,1,1
59,1,2,7
59,1,3,11
59,25,1,5
59,25,2,15
59,25,3,25
59,21,1,1
59,21,2,7
59,21,3,10
59,22,1,3
59,22,2,24
59,22,3,25
59,4,1,5
59,4,2,14
59,4,3,15
59,19,1,1
59,19,2,6
59,19,3,10
59,20,1,3
59,20,2,18
59,20,3,24
60,26,1,1
60,26,2,7
60,26,3,11
60,26,4,10
60,26,5,12
60,26,6,6
60,2,1,4
60,2,2,21
60,2,3,18
60,2,4,9
60,2,5,22
60,2,6,8
60,28,1,3
60,28,2,21
60,28,3,22
60,28,4,9
60,28,5,8
60,28,6,19
60,10,1,1
60,10,2,7
60,10,3,11
60,10,4,21
60,10,5,10
60,10,6,12
60,15,1,5
60,15,2,15
60,15,3,23
60,15,4,24
60,15,5,25
60,9,1,4
60,9,2,19
60,9,3,24
60,9,4,20
60,9,5,18
60,9,6,25
60,22,1,3
60,22,2,19
60,22,3,21
60,22,4,22
60,22,5,18
60,22,6,8
60,23,1,3
60,23,2,12
60,23,3,21
60,23,4,10
60,23,5,11
60,23,6,8
60,4,1,1
60,4,2,12
60,4,3,21
60,4,4,6
60,4,5,10
60,4,6,11
60,20,1,3
60,20,2,24
60,20,3,25
60,20,4,20
60,20,5,19
60,20,6,18
61,6,1,4
61,6,2,22
61,6,3,8
61,6,4,19
61,8,1,3
61,8,2,25
61,8,3,20
61,8,4,24
61,28,1,3
61,28,2,22
61,28,3,19
61,28,4,18
61,14,1,1
61,14,2,12
61,14,3,10
61,14,4,6
61,5,1,4
61,5,2,18
61,5,3,25
61,5,4,19
61,13,1,1
61,13,2,12
61,13,3,6
61,13,4,7
61,2,1,3
61,2,2,19
61,2,3,8
61,2,4,21
61,18,1,2
61,18,2,14
61,18,3,13
61,18,4,15
61,9,1,1
61,9,2,10
61,9,3,6
61,9,4,7
61,10,1,5
61,10,2,14
61,10,3,16
61,10,4,15
62,4,1,4
62,4,2,21
62,4,3,19
62,4,4,8
62,17,1,3
62,17,2,22
62,17,3,21
62,17,4,18
62,10,1,2
62,10,2,13
62,10,3,14
62,10,4,16
62,24,1,1
62,24,2,11
62,24,3,7
62,24,4,12
62,25,1,5
62,25,2,15
62,25,3,13
62,25,4,14
62,1,1,1
62,1,2,10
62,1,3,21
62,1,4,12
62,12,1,3
62,12,2,10
62,12,3,21
62,12,4,8
62,28,1,2
62,28,2,13
62,28,3,15
62,28,4,16
62,9,1,1
62,9,2,10
62,9,3,11
62,9,4,7
62,20,1,3
62,20,2,25
62,20,3,24
62,20,4,18
63,6,1,4
63,6,2,18
63,6,3,19
63,6,4,20
63,27,1,4
63,27,2,20
63,27,3,18
63,27,4,24
63,18,1,3
63,18,2,19
63,18,3,8
63,18,4,21
63,4,1,1
63,4,2,7
63,4,3,11
63,4,4,10
63,25,1,5
63,25,2,23
63,25,3,25
63,25,4,24
63,26,1,4
63,26,2,8
63,26,3,18
63,26,4,22
63,22,1,3
63,22,2,11
63,22,3,21
63,22,4,8
63,3,1,2
63,3,2,14
63,3,3,16
63,3,4,13
63,19,1,1
63,19,2,7
63,19,3,10
63,19,4,11
63,5,1,3
63,5,2,18
63,5,3,25
63,5,4,20
64,6,1,3
64,6,2,18
64,6,3,8
64,6,4,19
64,6,5,22
64,2,1,5
64,2,2,11
64,2,3,8
64,2,4,12
64,2,5,21
64,22,1,2
64,22,2,14
64,22,3,15
64,22,4,13
64,22,5,16
64,9,1,1
64,9,2,12
64,9,3,10
64,9,4,21
64,9,5,6
64,25,1,5
64,25,2,15
64,25,3,25
64,25,4,24
64,25,5,23
64,23,1,4
64,23,2,22
64,23,3,21
64,23,4,19
64,23,5,8
64,27,1,5
64,27,2,8
64,27,3,10
64,27,4,21
64,27,5,12
64,13,1,5
64,13,2,15
64,13,3,14
64,13,4,13
64,13,5,16
64,4,1,1
64,4,2,10
64,4,3,21
64,4,4,7
64,4,5,12
64,15,1,3
64,15,2,18
64,15,3,24
64,15,4,19
64,15,5,25
65,1,1,4
65,1,2,19
65,1,3,8
65,1,4,21
65,17,1,4
65,17,2,21
65,17,3,19
65,17,4,8
65,8,1,5
65,8,2,14
65,8,3,16
65,8,4,13
65,4,1,1
65,4,2,6
65,4,3,12
65,4,4,11
65,10,1,5
65,10,2,25
65,10,3,24
65,10,4,15
65,6,1,4
65,6,2,21
65,6,3,19
65,6,4,8
65,7,1,5
65,7,2,8
65,7,3,11
65,7,4,10
65,13,1,5
65,13,2,16
65,13,3,13
65,13,4,14
65,19,1,1
65,19,2,11
65,19,3,12
65,19,4,7
65,24,1,3
65,24,2,18
65,24,3,20
65,24,4,24
66,16,1,4
66,16,2,18
66,16,3,19
66,22,1,3
66,22,2,8
66,22,3,10
66,28,1,3
66,28,2,19
66,28,3,22
66,24,1,1
66,24,2,6
66,24,3,7
66,25,1,3
66,25,2,25
66,25,3,19
66,1,1,4
66,1,2,9
66,1,3,22
66,27,1,5
66,27,2,11
66,27,3,21
66,8,1,2
66,8,2,13
66,8,3,16
66,14,1,1
66,14,2,7
66,14,3,6
66,20,1,5
66,20,2,23
66,20,3,15
67,27,1,3
67,27,2,18
67,27,3,20
67,12,1,3
67,12,2,12
67,12,3,11
67,8,1,2
67,8,2,16
67,8,3,15
67,4,1,1
67,4,2,11
67,4,3,6
67,15,1,4
67,15,2,18
67,15,3,25
67,11,1,1
67,11,2,7
67,11,3,12
67,22,1,3
67,22,2,8
67,22,3,10
67,1,1,4
67,1,2,9
67,1,3,8
67,21,1,1
67,21,2,21
67,21,3,6
67,19,1,4
67,19,2,20
67,19,3,25
68,2,1,3
68,2,2,8
68,2,3,19
68,17,1,3
68,17,2,21
68,17,3,18
68,9,1,3
68,9,2,12
68,9,3,11
68,14,1,1
68,14,2,7
68,14,3,12
68,20,1,4
68,20,2,24
68,20,3,19
68,26,1,3
68,26,2,8
68,26,3,19
68,7,1,3
68,7,2,9
68,7,3,19
68,3,1,3
68,3,2,8
68,3,3,18
68,24,1,1
68,24,2,11
68,24,3,12
68,5,1,2
68,5,2,14
68,5,3,15
69,26,1,1
69,26,2,12
69,26,3,6
69,26,4,10
69,12,1,4
69,12,2,8
69,12,3,19
69,12,4,22
69,8,1,2
69,8,2,16
69,8,3,13
69,8,4,14
69,19,1,1
69,19,2,11
69,19,3,6
69,19,4,10
69,15,1,5
69,15,2,13
69,15,3,14
69,15,4,16
69,21,1,4
69,21,2,25
69,21,3,24
69,21,4,19
69,22,1,3
69,22,2,21
69,22,3,8
69,22,4,11
69,28,1,4
69,28,2,19
69,28,3,22
69,28,4,21
69,9,1,1
69,9,2,12
69,9,3,6
69,9,4,11
69,10,1,3
69,10,2,25
69,10,3,18
69,10,4,24
70,26,1,3
70,26,2,18
70,26,3,19
70,26,4,21
70,2,1,3
70,2,2,11
70,2,3,12
70,2,4,10
70,20,1,2
70,20,2,13
70,20,3,14
70,20,4,15
70,14,1,1
70,14,2,7
70,14,3,11
70,14,4,6
70,5,1,5
70,5,2,23
70,5,3,25
70,5,4,15
70,28,1,4
70,28,2,25
70,28,3,19
70,28,4,18
70,27,1,3
70,27,2,22
70,27,3,18
70,27,4,9
70,13,1,3
70,13,2,22
70,13,3,21
70,13,4,8
70,24,1,1
70,24,2,7
70,24,3,10
70,24,4,6
70,15,1,5
70,15,2,24
70,15,3,25
70,15,4,23
71,11,1,3
71,11,2,19
71,11,3,18
71,11,4,20
71,11,5,24
71,11,6,25
71,3,1,3
71,3,2,10
71,3,3,8
71,3,4,11
71,3,5,12
71,3,6,21
71,13,1,2
71,13,2,13
71,13,3,16
71,13,4,15
71,13,5,14
71,17,1,1
71,17,2,6
71,17,3,12
71,17,4,7
71,17,5,21
71,17,6,10
71,25,1,5
71,25,2,13
71,25,3,14
71,25,4,16
71,25,5,15
71,1,1,4
71,1,2,18
71,1,3,21
71,1,4,9
71,1,5,19
71,1,6,8
71,14,1,3
71,14,2,22
71,14,3,9
71,14,4,18
71,14,5,8
71,14,6,21
71,18,1,5
71,18,2,13
71,18,3,16
71,18,4,15
71,18,5,14
71,4,1,1
71,4,2,21
71,4,3,12
71,4,4,11
71,4,5,6
71,4,6,7
71,5,1,5
71,5,2,23
71,5,3,25
71,5,4,15
71,5,5,24
72,16,1,1
72,16,2,11
72,16,3,7
72,16,4,12
72,16,5,21
72,27,1,3
72,27,2,18
72,27,3,19
72,27,4,22
72,27,5,9
72,3,1,3
72,3,2,22
72,3,3,21
72,3,4,19
72,3,5,18
72,4,1,1
72,4,2,6
72,4,3,11
72,4,4,7
72,4,5,10
72,20,1,5
72,20,2,24
72,20,3,25
72,20,4,15
72,20,5,23
72,10,1,3
72,10,2,25
72,10,3,24
72,10,4,20
72,10,5,19
72,2,1,3
72,2,2,21
72,2,3,22
72,2,4,19
72,2,5,18
72,18,1,2
72,18,2,14
72,18,3,13
72,18,4,15
72,18,5,16
72,24,1,1
72,24,2,10
72,24,3,11
72,24,4,21
72,24,5,12
72,15,1,4
72,15,2,24
72,15,3,19
72,15,4,20
72,15,5,25
73,27,1,4
73,27,2,20
73,27,3,25
73,27,4,24
73,27,5,19
73,12,1,4
73,12,2,22
73,12,3,18
73,12,4,19
73,12,5,9
73,7,1,2
73,7,2,16
73,7,3,13
73,7,4,14
73,7,5,15
73,9,1,1
73,9,2,21
73,9,3,6
73,9,4,7
73,9,5,12
73,15,1,2
73,15,2,14
73,15,3,16
73,15,4,13
73,15,5,15
73,20,1,3
73,20,2,21
73,20,3,8
73,20,4,22
73,20,5,18
73,17,1,5
73,17,2,21
73,17,3,10
73,17,4,8
73,17,5,11
73,23,1,4
73,23,2,21
73,23,3,9
73,23,4,18
73,23,5,19
73,24,1,1
73,24,2,6
73,24,3,10
73,24,4,11
73,24,5,7
73,25,1,5
73,25,2,15
73,25,3,24
73,25,4,25
73,25,5,23
74,19,1,4
74,19,2,19
74,19,3,22
74,19,4,21
74,19,5,18
74,17,1,3
74,17,2,8
74,17,3,9
74,17,4,19
74,17,5,22
74,13,1,2
74,13,2,13
74,13,3,15
74,13,4,16
74,13,5,14
74,4,1,1
74,4,2,6
74,4,3,12
74,4,4,11
74,4,5,10
74,20,1,5
74,20,2,15
74,20,3,23
74,20,4,25
74,20,5,24
74,28,1,3
74,28,2,18
74,28,3,8
74,28,4,19
74,28,5,21
74,2,1,5
74,2,2,21
74,2,3,11
74,2,4,10
74,2,5,12
74,8,1,3
74,8,2,9
74,8,3,22
74,8,4,19
74,8,5,18
74,9,1,1
74,9,2,7
74,9,3,12
74,9,4,21
74,9,5,10
74,25,1,3
74,25,2,24
74,25,3,20
74,25,4,25
74,25,5,18
75,1,1,4
75,1,2,22
75,1,3,19
75,1,4,8
75,1,5,18
75,27,1,5
75,27,2,11
75,27,3,10
75,27,4,12
75,27,5,8
75,25,1,2
75,25,2,16
75,25,3,13
75,25,4,14
75,25,5,15
75,13,1,1
75,13,2,11
75,13,3,21
75,13,4,6
75,13,5,10
75,15,1,3
75,15,2,25
75,15,3,19
75,15,4,18
75,15,5,20
75,3,1,1
75,3,2,6
75,3,3,21
75,3,4,11
75,3,5,12
75,12,1,5
75,12,2,8
75,12,3,12
75,12,4,11
75,12,5,10
75,8,1,5
75,8,2,8
75,8,3,11
75,8,4,10
75,8,5,12
75,19,1,1
75,19,2,21
75,19,3,7
75,19,4,6
75,19,5,11
75,5,1,3
75,5,2,19
75,5,3,20
75,5,4,25
75,5,5,24
76,10,1,4
76,10,2,9
76,10,3,19
76,10,4,18
76,12,1,3
76,12,2,12
76,12,3,8
76,12,4,21
76,13,1,4
76,13,2,19
76,13,3,18
76,13,4,9
76,24,1,1
76,24,2,6
76,24,3,12
76,24,4,7
76,15,1,5
76,15,2,16
76,15,3,14
76,15,4,15
76,26,1,3
76,26,2,8
76,26,3,18
76,26,4,21
76,8,1,5
76,8,2,11
76,8,3,8
76,8,4,10
76,17,1,5
76,17,2,15
76,17,3,16
76,17,4,13
76,19,1,1
76,19,2,6
76,19,3,10
76,19,4,7
76,20,1,5
76,20,2,25
76,20,3,24
76,20,4,23
77,1,1,1
77,1,2,11
77,1,3,21
77,1,4,12
77,1,5,6
77,17,1,4
77,17,2,21
77,17,3,18
77,17,4,22
77,17,5,8
77,3,1,2
77,3,2,16
77,3,3,15
77,3,4,14
77,3,5,13
77,27,1,1
77,27,2,21
77,27,3,10
77,27,4,6
77,27,5,12
77,18,1,5
77,18,2,15
77,18,3,25
77,18,4,23
77,18,5,24
77,4,1,4
77,4,2,22
77,4,3,8
77,4,4,9
77,4,5,19
77,22,1,4
77,22,2,18
77,22,3,22
77,22,4,8
77,22,5,9
77,8,1,5
77,8,2,10
77,8,3,8
77,8,4,12
77,8,5,11
77,24,1,1
77,24,2,7
77,24,3,6
77,24,4,12
77,24,5,11
77,10,1,5
77,10,2,14
77,10,3,16
77,10,4,15
77,10,5,13
78,21,1,4
78,21,2,20
78,21,3,24
78,21,4,18
78,2,1,3
78,2,2,20
78,2,3,25
78,2,4,18
78,13,1,2
78,13,2,16
78,13,3,14
78,13,4,15
78,4,1,1
78,4,2,21
78,4,3,10
78,4,4,7
78,15,1,3
78,15,2,24
78,15,3,25
78,15,4,20
78,1,1,3
78,1,2,21
78,1,3,19
78,1,4,18
78,7,1,3
78,7,2,10
78,7,3,12
78,7,4,11
78,28,1,2
78,28,2,16
78,28,3,15
78,28,4,13
78,24,1,1
78,24,2,21
78,24,3,10
78,24,4,11
78,20,1,5
78,20,2,14
78,20,3,15
78,20,4,16
79,21,1,1
79,21,2,10
79,21,3,7
79,21,4,6
79,27,1,5
79,27,2,21
79,27,3,12
79,27,4,10
79,13,1,3
79,13,2,8
79,13,3,11
79,13,4,21
79,14,1,1
79,14,2,11
79,14,3,21
79,14,4,6
79,25,1,4
79,25,2,20
79,25,3,18
79,25,4,19
79,26,1,3
79,26,2,8
79,26,3,9
79,26,4,18
79,2,1,3
79,2,2,9
79,2,3,8
79,2,4,22
79,3,1,2
79,3,2,16
79,3,3,13
79,3,4,15
79,9,1,1
79,9,2,10
79,9,3,6
79,9,4,11
79,20,1,5
79,20,2,24
79,20,3,23
79,20,4,25
80,11,1,4
80,11,2,24
80,11,3,19
80,11,4,25
80,10,1,3
80,10,2,21
80,10,3,9
80,10,4,22
80,23,1,2
80,23,2,13
80,23,3,15
80,23,4,16
80,25,1,1
80,25,2,12
80,25,3,11
80,25,4,21
80,4,1,5
80,4,2,24
80,4,3,15
80,4,4,23
80,26,1,3
80,26,2,19
80,26,3,22
80,26,4,9
80,22,1,5
80,22,2,10
80,22,3,12
80,22,4,21
80,3,1,2
80,3,2,13
80,3,3,15
80,3,4,14
80,9,1,1
80,9,2,6
80,9,3,10
80,9,4,21
80,15,1,5
80,15,2,25
80,15,3,24
80,15,4,15
81,5,1,3
81,5,2,18
81,5,3,20
81,5,4,25
81,13,1,4
81,13,2,18
81,13,3,9
81,13,4,21
81,16,1,4
81,16,2,9
81,16,3,8
81,16,4,18
81,11,1,1
81,11,2,11
81,11,3,10
81,11,4,21
81,20,1,5
81,20,2,23
81,20,3,15
81,20,4,24
81,27,1,3
81,27,2,9
81,27,3,18
81,27,4,19
81,7,1,5
81,7,2,10
81,7,3,11
81,7,4,8
81,3,1,2
81,3,2,15
81,3,3,16
81,3,4,14
81,4,1,1
81,4,2,6
81,4,3,11
81,4,4,7
81,10,1,5
81,10,2,25
81,10,3,15
81,10,4,24
82,16,1,1
82,16,2,10
82,16,3,11
82,16,4,12
82,2,1,4
82,2,2,22
82,2,3,18
82,2,4,9
82,8,1,2
82,8,2,14
82,8,3,15
82,8,4,16
82,4,1,1
82,4,2,21
82,4,3,11
82,4,4,12
82,10,1,5
82,10,2,24
82,10,3,15
82,10,4,23
82,6,1,3
82,6,2,22
82,6,3,18
82,6,4,19
82,21,1,3
82,21,2,12
82,21,3,11
82,21,4,10
82,23,1,5
82,23,2,15
82,23,3,14
82,23,4,16
82,9,1,1
82,9,2,11
82,9,3,6
82,9,4,21
82,20,1,3
82,20,2,25
82,20,3,19
82,20,4,24
83,25,1,3
83,25,2,19
83,25,3,20
83,25,4,18
83,25,5,24
83,12,1,3
83,12,2,25
83,12,3,20
83,12,4,19
83,12,5,18
83,3,1,2
83,3,2,16
83,3,3,13
83,3,4,15
83,3,5,14
83,19,1,1
83,19,2,21
83,19,3,12
83,19,4,7
83,19,5,10
83,15,1,4
83,15,2,19
83,15,3,20
83,15,4,18
83,15,5,25
83,26,1,4
83,26,2,22
83,26,3,19
83,26,4,21
83,26,5,9
83,23,1,3
83,23,2,12
83,23,3,10
83,23,4,11
83,23,5,21
83,8,1,5
83,8,2,15
83,8,3,16
83,8,4,14
83,8,5,13
83,1,1,1
83,1,2,6
83,1,3,11
83,1,4,7
83,1,5,12
83,20,1,5
83,20,2,13
83,20,3,14
83,20,4,16
83,20,5,15
84,16,1,3
84,16,2,24
84,16,3,20
84,17,1,3
84,17,2,8
84,17,3,12
84,23,1,2
84,23,2,14
84,23,3,16
84,14,1,1
84,14,2,7
84,14,3,21
84,10,1,2
84,10,2,15
84,10,3,13
84,1,1,4
84,1,2,21
84,1,3,8
84,7,1,3
84,7,2,24
84,7,3,18
84,13,1,3
84,13,2,12
84,13,3,21
84,24,1,1
84,24,2,11
84,24,3,10
84,5,1,4
84,5,2,25
84,5,3,20
85,6,1,4
85,6,2,21
85,6,3,8
85,6,4,18
85,20,1,4
85,20,2,24
85,20,3,19
85,20,4,18
85,23,1,5
85,23,2,14
85,23,3,16
85,23,4,13
85,24,1,1
85,24,2,10
85,24,3,6
85,24,4,11
85,25,1,5
85,25,2,23
85,25,3,25
85,25,4,24
85,14,1,1
85,14,2,12
85,14,3,6
85,14,4,7
85,17,1,3
85,17,2,12
85,17,3,21
85,17,4,8
85,13,1,2
85,13,2,15
85,13,3,16
85,13,4,14
85,9,1,1
85,9,2,10
85,9,3,7
85,9,4,6
85,3,1,2
85,3,2,16
85,3,3,15
85,3,4,13
86,21,1,4
86,21,2,8
86,21,3,22
86,27,1,3
86,27,2,21
86,27,3,12
86,3,1,2
86,3,2,15
86,3,3,16
86,24,1,1
86,24,2,11
86,24,3,12
86,1,1,4
86,1,2,20
86,1,3,25
86,6,1,1
86,6,2,21
86,6,3,10
86,2,1,3
86,2,2,12
86,2,3,11
86,18,1,5
86,18,2,10
86,18,3,11
86,9,1,1
86,9,2,10
86,9,3,11
86,10,1,5
86,10,2,23
86,10,3,24
87,1,1,3
87,1,2,22
87,1,3,19
87,1,4,21
87,7,1,3
87,7,2,24
87,7,3,18
87,7,4,25
87,18,1,3
87,18,2,19
87,18,3,21
87,18,4,8
87,19,1,1
87,19,2,7
87,19,3,11
87,19,4,21
87,5,1,5
87,5,2,16
87,5,3,14
87,5,4,15
87,16,1,3
87,16,2,21
87,16,3,18
87,16,4,19
87,12,1,5
87,12,2,12
87,12,3,21
87,12,4,10
87,3,1,2
87,3,2,13
87,3,3,15
87,3,4,14
87,4,1,1
87,4,2,6
87,4,3,10
87,4,4,12
87,20,1,3
87,20,2,19
87,20,3,18
87,20,4,20
88,21,1,1
88,21,2,7
88,21,3,12
88,21,4,21
88,22,1,3
88,22,2,25
88,22,3,19
88,22,4,18
88,8,1,2
88,8,2,15
88,8,3,14
88,8,4,16
88,9,1,1
88,9,2,21
88,9,3,10
88,9,4,11
88,10,1,5
88,10,2,24
88,10,3,23
88,10,4,15
88,1,1,3
88,1,2,22
88,1,3,19
88,1,4,9
88,2,1,3
88,2,2,8
88,2,3,21
88,2,4,11
88,3,1,5
88,3,2,14
88,3,3,16
88,3,4,15
88,6,1,1
88,6,2,7
88,6,3,11
88,6,4,21
88,20,1,5
88,20,2,25
88,20,3,24
88,20,4,23
89,21,1,3
89,21,2,21
89,21,3,9
89,21,4,8
89,27,1,4
89,27,2,8
89,27,3,18
89,27,4,9
89,19,1,5
89,19,2,10
89,19,3,21
89,19,4,8
89,1,1,1
89,1,2,12
89,1,3,11
89,1,4,6
89,4,1,5
89,4,2,23
89,4,3,15
89,4,4,25
89,26,1,3
89,26,2,9
89,26,3,18
89,26,4,19
89,2,1,3
89,2,2,10
89,2,3,21
89,2,4,8
89,14,1,2
89,14,2,13
89,14,3,16
89,14,4,15
89,5,1,1
89,5,2,6
89,5,3,11
89,5,4,12
89,15,1,5
89,15,2,23
89,15,3,24
89,15,4,15
90,16,1,3
90,16,2,18
90,16,3,8
90,16,4,19
90,2,1,3
90,2,2,21
90,2,3,9
90,2,4,22
90,19,1,2
90,19,2,13
90,19,3,15
90,19,4,14
90,9,1,1
90,9,2,10
90,9,3,7
90,9,4,21
90,25,1,4
90,25,2,24
90,25,3,18
90,25,4,19
90,26,1,3
90,26,2,22
90,26,3,8
90,26,4,9
90,12,1,4
90,12,2,8
90,12,3,18
90,12,4,22
90,28,1,3
90,28,2,21
90,28,3,12
90,28,4,10
90,24,1,1
90,24,2,10
90,24,3,12
90,24,4,21
90,15,1,3
90,15,2,20
90,15,3,25
90,15,4,18
91,16,1,3
91,16,2,18
91,16,3,9
91,16,4,21
91,16,5,22
91,2,1,5
91,2,2,21
91,2,3,10
91,2,4,11
91,2,5,8
91,18,1,4
91,18,2,9
91,18,3,19
91,18,4,8
91,18,5,18
91,14,1,1
91,14,2,7
91,14,3,11
91,14,4,6
91,14,5,21
91,10,1,3
91,10,2,19
91,10,3,18
91,10,4,25
91,10,5,20
91,4,1,3
91,4,2,18
91,4,3,22
91,4,4,21
91,4,5,8
91,17,1,3
91,17,2,9
91,17,3,8
91,17,4,21
91,17,5,19
91,23,1,5
91,23,2,14
91,23,3,13
91,23,4,15
91,23,5,16
91,1,1,1
91,1,2,7
91,1,3,6
91,1,4,10
91,1,5,12
91,25,1,5
91,25,2,24
91,25,3,15
91,25,4,25
91,25,5,23
92,9,1,3
92,9,2,8
92,9,3,19
92,9,4,21
92,17,1,3
92,17,2,10
92,17,3,12
92,17,4,21
92,11,1,3
92,11,2,21
92,11,3,11
92,11,4,10
92,24,1,1
92,24,2,7
92,24,3,21
92,24,4,12
92,25,1,5
92,25,2,23
92,25,3,15
92,25,4,25
92,1,1,3
92,1,2,20
92,1,3,24
92,1,4,19
92,2,1,4
92,2,2,21
92,2,3,22
92,2,4,8
92,13,1,5
92,13,2,13
92,13,3,16
92,13,4,14
92,19,1,1
92,19,2,6
92,19,3,12
92,19,4,10
92,20,1,3
92,20,2,19
92,20,3,20
92,20,4,25
93,16,1,4
93,16,2,8
93,16,3,19
93,16,4,18
93,16,5,22
93,15,1,3
93,15,2,22
93,15,3,18
93,15,4,21
93,15,5,19
93,13,1,4
93,13,2,9
93,13,3,21
93,13,4,8
93,13,5,22
93,14,1,1
93,14,2,11
93,14,3,21
93,14,4,12
93,14,5,6
93,25,1,3
93,25,2,25
93,25,3,20
93,25,4,24
93,25,5,19
93,1,1,4
93,1,2,20
93,1,3,25
93,1,4,24
93,1,5,19
93,12,1,5
93,12,2,21
93,12,3,10
93,12,4,8
93,12,5,11
93,23,1,3
93,23,2,10
93,23,3,12
93,23,4,21
93,23,5,8
93,22,1,1
93,22,2,7
93,22,3,11
93,22,4,6
93,22,5,12
93,20,1,5
93,20,2,15
93,20,3,24
93,20,4,25
93,20,5,23
94,26,1,3
94,26,2,22
94,26,3,8
94,26,4,18
94,12,1,3
94,12,2,22
94,12,3,8
94,12,4,19
94,10,1,5
94,10,2,14
94,10,3,16
94,10,4,15
94,24,1,1
94,24,2,12
94,24,3,11
94,24,4,10
94,20,1,4
94,20,2,20
94,20,3,19
94,20,4,24
94,11,1,3
94,11,2,18
94,11,3,22
94,11,4,21
94,7,1,4
94,7,2,18
94,7,3,19
94,7,4,24
94,8,1,3
94,8,2,8
94,8,3,18
94,8,4,21
94,19,1,1
94,19,2,10
94,19,3,11
94,19,4,7
94,15,1,3
94,15,2,18
94,15,3,25
94,15,4,19
95,21,1,4
95,21,2,22
95,21,3,8
95,12,1,3
95,12,2,19
95,12,3,21
95,14,1,5
95,14,2,8
95,14,3,21
95,9,1,1
95,9,2,12
95,9,3,11
95,20,1,3
95,20,2,25
95,20,3,19
95,19,1,3
95,19,2,8
95,19,3,22
95,2,1,3
95,2,2,11
95,2,3,8
95,8,1,5
95,8,2,16
95,8,3,13
95,11,1,1
95,11,2,12
95,11,3,7
95,6,1,5
95,6,2,15
95,6,3,24
96,6,1,4
96,6,2,18
96,6,3,19
96,6,4,9
96,6,5,21
96,7,1,4
96,7,2,22
96,7,3,21
96,7,4,18
96,7,5,19
96,28,1,5
96,28,2,8
96,28,3,12
96,28,4,10
96,28,5,21
96,19,1,1
96,19,2,21
96,19,3,11
96,19,4,10
96,19,5,6
96,5,1,5
96,5,2,13
96,5,3,16
96,5,4,14
96,5,5,15
96,1,1,4
96,1,2,22
96,1,3,18
96,1,4,9
96,1,5,8
96,2,1,3
96,2,2,21
96,2,3,10
96,2,4,11
96,2,5,8
96,18,1,5
96,18,2,16
96,18,3,15
96,18,4,14
96,18,5,13
96,4,1,1
96,4,2,12
96,4,3,6
96,4,4,7
96,4,5,10
96,15,1,5
96,15,2,24
96,15,3,23
96,15,4,15
96,15,5,25
97,6,1,3
97,6,2,18
97,6,3,8
97,2,1,4
97,2,2,21
97,2,3,9
97,23,1,5
97,23,2,11
97,23,3,10
97,14,1,1
97,14,2,21
97,14,3,10
97,9,1,4
97,9,2,24
97,9,3,19
97,20,1,3
97,20,2,9
97,20,3,18
97,21,1,4
97,21,2,9
97,21,3,21
97,18,1,2
97,18,2,16
97,18,3,13
97,3,1,1
97,3,2,7
97,3,3,10
97,15,1,5
97,15,2,24
97,15,3,15
98,16,1,3
98,16,2,8
98,16,3,18
98,16,4,9
98,16,5,22
98,17,1,3
98,17,2,9
98,17,3,19
98,17,4,21
98,17,5,22
98,13,1,2
98,13,2,16
98,13,3,14
98,13,4,13
98,13,5,15
98,24,1,1
98,24,2,6
98,24,3,10
98,24,4,11
98,24,5,12
98,10,1,4
98,10,2,20
98,10,3,19
98,10,4,25
98,10,5,24
98,1,1,4
98,1,2,25
98,1,3,24
98,1,4,18
98,1,5,20
98,22,1,3
98,22,2,21
98,22,3,11
98,22,4,10
98,22,5,12
98,3,1,5
98,3,2,12
98,3,3,10
98,3,4,11
98,3,5,8
98,4,1,1
98,4,2,7
98,4,3,21
98,4,4,6
98,4,5,10
98,20,1,5
98,20,2,16
98,20,3,15
98,20,4,13
98,20,5,14
99,21,1,4
99,21,2,18
99,21,3,8
99,21,4,21
99,7,1,3
99,7,2,10
99,7,3,21
99,7,4,11
99,28,1,3
99,28,2,9
99,28,3,8
99,28,4,18
99,4,1,1
99,4,2,21
99,4,3,7
99,4,4,6
99,10,1,4
99,10,2,24
99,10,3,19
99,10,4,25
99,1,1,1
99,1,2,6
99,1,3,10
99,1,4,21
99,27,1,4
99,27,2,19
99,27,3,9
99,27,4,21
99,8,1,5
99,8,2,14
99,8,3,16
99,8,4,15
99,14,1,1
99,14,2,7
99,14,3,12
99,14,4,6
99,9,1,3
99,9,2,25
99,9,3,20
99,9,4,18
100,22,1,1
100,22,2,11
100,7,1,3
100,7,2,11
100,18,1,2
100,18,2,15
100,24,1,1
100,24,2,12
100,6,1,4
100,6,2,19
100,16,1,4
100,16,2,22
100,2,1,4
100,2,2,9
100,3,1,2
100,3,2,16
100,4,1,1
100,4,2,21
100,15,1,5
100,15,2,15
101,16,1,4
101,16,2,18
101,16,3,22
101,16,4,19
101,12,1,5
101,12,2,10
101,12,3,12
101,12,4,8
101,8,1,4
101,8,2,19
101,8,3,21
101,8,4,8
101,19,1,1
101,19,2,7
101,19,3,12
101,19,4,11
101,25,1,5
101,25,2,14
101,25,3,13
101,25,4,16
101,26,1,3
101,26,2,18
101,26,3,21
101,26,4,9
101,22,1,4
101,22,2,19
101,22,3,22
101,22,4,21
101,23,1,3
101,23,2,10
101,23,3,21
101,23,4,8
101,20,1,1
101,20,2,12
101,20,3,21
101,20,4,6
101,5,1,3
101,5,2,19
101,5,3,24
101,5,4,18
102,16,1,3
102,16,2,22
102,16,3,19
102,16,4,8
102,16,5,9
102,7,1,4
102,7,2,21
102,7,3,22
102,7,4,8
102,7,5,19
102,27,1,5
102,27,2,13
102,27,3,16
102,27,4,15
102,27,5,14
102,24,1,1
102,24,2,21
102,24,3,10
102,24,4,7
102,24,5,12
102,20,1,4
102,20,2,19
102,20,3,18
102,20,4,24
102,20,5,25
102,21,1,3
102,21,2,21
102,21,3,9
102,21,4,22
102,21,5,8
102,22,1,3
102,22,2,20
102,22,3,24
102,22,4,25
102,22,5,18
102,28,1,5
102,28,2,13
102,28,3,15
102,28,4,16
102,28,5,14
102,19,1,1
102,19,2,10
102,19,3,11
102,19,4,7
102,19,5,21
102,15,1,3
102,15,2,24
102,15,3,18
102,15,4,25
102,15,5,19
103,16,1,4
103,16,2,19
103,16,3,21
103,16,4,8
103,12,1,3
103,12,2,21
103,12,3,11
103,12,4,12
103,3,1,2
103,3,2,15
103,3,3,16
103,3,4,13
103,4,1,1
103,4,2,11
103,4,3,6
103,4,4,7
103,10,1,5
103,10,2,25
103,10,3,24
103,10,4,23
103,2,1,3
103,2,2,9
103,2,3,21
103,2,4,8
103,22,1,3
103,22,2,8
103,22,3,19
103,22,4,18
103,11,1,2
103,11,2,13
103,11,3,14
103,11,4,15
103,5,1,1
103,5,2,6
103,5,3,11
103,5,4,10
103,20,1,2
103,20,2,14
103,20,3,16
103,20,4,13
104,6,1,4
104,6,2,19
104,6,3,22
104,6,4,18
104,6,5,8
104,7,1,5
104,7,2,21
104,7,3,10
104,7,4,8
104,7,5,12
104,28,1,5
104,28,2,16
104,28,3,13
104,28,4,14
104,28,5,15
104,4,1,1
104,4,2,11
104,4,3,10
104,4,4,12
104,4,5,6
104,9,1,3
104,9,2,18
104,9,3,24
104,9,4,20
104,9,5,25
104,1,1,3
104,1,2,24
104,1,3,25
104,1,4,18
104,1,5,20
104,17,1,4
104,17,2,18
104,17,3,21
104,17,4,22
104,17,5,8
104,23,1,5
104,23,2,15
104,23,3,16
104,23,4,13
104,23,5,14
104,24,1,1
104,24,2,7
104,24,3,11
104,24,4,12
104,24,5,21
104,10,1,5
104,10,2,15
104,10,3,25
104,10,4,24
104,10,5,23
105,21,1,4
105,21,2,21
105,21,3,9
105,21,4,8
105,12,1,3
105,12,2,21
105,12,3,11
105,12,4,10
105,28,1,5
105,28,2,13
105,28,3,16
105,28,4,14
105,4,1,1
105,4,2,11
105,4,3,21
105,4,4,7
105,5,1,2
105,5,2,16
105,5,3,14
105,5,4,13
105,11,1,4
105,11,2,22
105,11,3,19
105,11,4,9
105,17,1,3
105,17,2,9
105,17,3,18
105,17,4,22
105,18,1,3
105,18,2,21
105,18,3,8
105,18,4,22
105,25,1,1
105,25,2,11
105,25,3,10
105,25,4,12
105,20,1,5
105,20,2,23
105,20,3,15
105,20,4,24
106,26,1,4
106,26,2,24
106,26,3,25
106,26,4,20
106,2,1,5
106,2,2,8
106,2,3,21
106,2,4,12
106,23,1,3
106,23,2,8
106,23,3,12
106,23,4,21
106,14,1,1
106,14,2,11
106,14,3,7
106,14,4,21
106,15,1,2
106,15,2,14
106,15,3,16
106,15,4,13
106,6,1,4
106,6,2,9
106,6,3,8
106,6,4,21
106,17,1,5
106,17,2,8
106,17,3,10
106,17,4,11
106,13,1,5
106,13,2,15
106,13,3,16
106,13,4,13
106,4,1,1
106,4,2,12
106,4,3,10
106,4,4,7
106,10,1,5
106,10,2,25
106,10,3,23
106,10,4,15
107,16,1,1
107,16,2,7
107,16,3,6
107,16,4,10
107,27,1,3
107,27,2,21
107,27,3,22
107,27,4,19
107,25,1,5
107,25,2,14
107,25,3,16
107,25,4,13
107,19,1,1
107,19,2,12
107,19,3,6
107,19,4,10
107,10,1,2
107,10,2,15
107,10,3,13
107,10,4,16
107,6,1,4
107,6,2,9
107,6,3,22
107,6,4,8
107,23,1,4
107,23,2,8
107,23,3,22
107,23,4,19
107,28,1,4
107,28,2,21
107,28,3,8
107,28,4,22
107,4,1,1
107,4,2,11
107,4,3,21
107,4,4,12
107,15,1,4
107,15,2,20
107,15,3,18
107,15,4,25
108,16,1,1
108,16,2,11
108,16,3,7
108,16,4,21
108,27,1,4
108,27,2,18
108,27,3,19
108,27,4,20
108,20,1,2
108,20,2,16
108,20,3,14
108,20,4,15
108,9,1,1
108,9,2,12
108,9,3,7
108,9,4,11
108,8,1,3
108,8,2,19
108,8,3,24
108,8,4,20
108,6,1,4
108,6,2,24
108,6,3,20
108,6,4,18
108,22,1,3
108,22,2,19
108,22,3,21
108,22,4,22
108,28,1,3
108,28,2,9
108,28,3,18
108,28,4,8
108,24,1,1
108,24,2,10
108,24,3,21
108,24,4,11
108,15,1,5
108,15,2,15
108,15,3,24
108,15,4,25
109,11,1,1
109,11,2,12
109,11,3,11
109,2,1,3
109,2,2,25
109,2,3,19
109,23,1,5
109,23,2,21
109,23,3,10
109,14,1,1
109,14,2,10
109,14,3,12
109,20,1,5
109,20,2,25
109,20,3,15
109,16,1,3
109,16,2,25
109,16,3,24
109,22,1,5
109,22,2,12
109,22,3,11
109,3,1,5
109,3,2,16
109,3,3,14
109,9,1,1
109,9,2,7
109,9,3,6
109,17,1,5
109,17,2,15
109,17,3,24
110,21,1,1
110,21,2,21
110,21,3,10
110,21,4,6
110,21,5,11
110,21,6,12
110,17,1,3
110,17,2,8
110,17,3,11
110,17,4,12
110,17,5,10
110,17,6,21
110,3,1,2
110,3,2,16
110,3,3,15
110,3,4,14
110,3,5,13
110,14,1,1
110,14,2,21
110,14,3,11
110,14,4,6
110,14,5,10
110,14,6,7
110,25,1,5
110,25,2,23
110,25,3,24
110,25,4,15
110,25,5,25
110,26,1,4
110,26,2,9
110,26,3,8
110,26,4,22
110,26,5,18
110,26,6,19
110,7,1,3
110,7,2,19
110,7,3,8
110,7,4,9
110,7,5,21
110,7,6,18
110,8,1,5
110,8,2,14
110,8,3,13
110,8,4,15
110,8,5,16
110,9,1,1
110,9,2,10
110,9,3,12
110,9,4,6
110,9,5,7
110,9,6,11
110,20,1,3
110,20,2,18
110,20,3,19
110,20,4,24
110,20,5,25
110,20,6,20
111,1,1,3
111,1,2,21
111,1,3,18
111,1,4,9
111,1,5,8
111,1,6,19
111,4,1,5
111,4,2,12
111,4,3,11
111,4,4,21
111,4,5,8
111,4,6,10
111,21,1,2
111,21,2,15
111,21,3,14
111,21,4,13
111,21,5,16
111,24,1,1
111,24,2,11
111,24,3,7
111,24,4,6
111,24,5,12
111,24,6,21
111,15,1,5
111,15,2,13
111,15,3,14
111,15,4,16
111,15,5,15
111,11,1,1
111,11,2,11
111,11,3,21
111,11,4,10
111,11,5,6
111,11,6,12
111,22,1,4
111,22,2,21
111,22,3,22
111,22,4,9
111,22,5,8
111,22,6,18
111,13,1,2
111,13,2,16
111,13,3,13
111,13,4,14
111,13,5,15
111,19,1,1
111,19,2,6
111,19,3,12
111,19,4,10
111,19,5,11
111,19,6,21
111,5,1,5
111,5,2,15
111,5,3,23
111,5,4,24
111,5,5,25
112,16,1,4
112,16,2,9
112,16,3,18
112,16,4,21
112,7,1,5
112,7,2,12
112,7,3,21
112,7,4,11
112,23,1,5
112,23,2,13
112,23,3,15
112,23,4,14
112,14,1,1
112,14,2,12
112,14,3,10
112,14,4,6
112,20,1,5
112,20,2,25
112,20,3,24
112,20,4,15
112,11,1,4
112,11,2,20
112,11,3,19
112,11,4,18
112,2,1,3
112,2,2,20
112,2,3,18
112,2,4,25
112,8,1,3
112,8,2,8
112,8,3,10
112,8,4,11
112,25,1,1
112,25,2,6
112,25,3,11
112,25,4,21
112,10,1,3
112,10,2,24
112,10,3,25
112,10,4,19
113,6,1,3
113,6,2,18
113,6,3,19
113,6,4,8
113,6,5,21
113,2,1,5
113,2,2,12
113,2,3,21
113,2,4,11
113,2,5,8
113,20,1,3
113,20,2,8
113,20,3,12
113,20,4,11
113,20,5,10
113,14,1,1
113,14,2,12
113,14,3,11
113,14,4,6
113,14,5,10
113,21,1,5
113,21,2,23
113,21,3,25
113,21,4,15
113,21,5,24
113,16,1,1
113,16,2,11
113,16,3,12
113,16,4,21
113,16,5,10
113,7,1,3
113,7,2,25
113,7,3,24
113,7,4,20
113,7,5,19
113,18,1,5
113,18,2,16
113,18,3,13
113,18,4,15
113,18,5,14
113,9,1,1
113,9,2,11
113,9,3,6
113,9,4,12
113,9,5,7
113,25,1,2
113,25,2,14
113,25,3,15
113,25,4,16
113,25,5,13
114,28,1,4
114,28,2,8
114,28,3,21
114,28,4,22
114,28,5,9
114,27,1,4
114,27,2,18
114,27,3,9
114,27,4,8
114,27,5,21
114,8,1,3
114,8,2,9
114,8,3,21
114,8,4,8
114,8,5,22
114,9,1,1
114,9,2,21
114,9,3,12
114,9,4,7
114,9,5,11
114,5,1,5
114,5,2,15
114,5,3,24
114,5,4,25
114,5,5,23
114,1,1,3
114,1,2,19
114,1,3,24
114,1,4,20
114,1,5,25
114,12,1,5
114,12,2,12
114,12,3,11
114,12,4,8
114,12,5,10
114,23,1,5
114,23,2,15
114,23,3,14
114,23,4,13
114,23,5,16
114,19,1,1
114,19,2,21
114,19,3,6
114,19,4,11
114,19,5,12
114,21,1,4
114,21,2,18
114,21,3,19
114,21,4,24
114,21,5,25
115,11,1,4
115,11,2,21
115,11,3,18
115,11,4,8
115,11,5,19
115,17,1,4
115,17,2,20
115,17,3,25
115,17,4,24
115,17,5,19
115,23,1,5
115,23,2,15
115,23,3,16
115,23,4,13
115,23,5,14
115,24,1,1
115,24,2,11
115,24,3,10
115,24,4,7
115,24,5,12
115,20,1,5
115,20,2,16
115,20,3,14
115,20,4,13
115,20,5,15
115,6,1,4
115,6,2,22
115,6,3,18
115,6,4,9
115,6,5,8
115,12,1,5
115,12,2,11
115,12,3,21
115,12,4,8
115,12,5,10
115,28,1,4
115,28,2,19
115,28,3,21
115,28,4,9
115,28,5,18
115,9,1,1
115,9,2,12
115,9,3,7
115,9,4,6
115,9,5,21
115,16,1,5
115,16,2,23
115,16,3,25
115,16,4,15
115,16,5,24
116,21,1,3
116,21,2,8
116,21,3,9
116,21,4,19
116,21,5,21
116,9,1,3
116,9,2,22
116,9,3,21
116,9,4,8
116,9,5,18
116,3,1,5
116,3,2,15
116,3,3,16
116,3,4,14
116,3,5,13
116,14,1,1
116,14,2,11
116,14,3,10
116,14,4,7
116,14,5,12
116,10,1,5
116,10,2,13
116,10,3,15
116,10,4,16
116,10,5,14
116,22,1,3
116,22,2,19
116,22,3,20
116,22,4,18
116,22,5,24
116,27,1,4
116,27,2,24
116,27,3,19
116,27,4,25
116,27,5,18
116,6,1,5
116,6,2,15
116,6,3,14
116,6,4,16
116,6,5,13
116,4,1,1
116,4,2,10
116,4,3,7
116,4,4,11
116,4,5,12
116,15,1,5
116,15,2,15
116,15,3,25
116,15,4,23
116,15,5,24
117,1,1,4
117,1,2,18
117,1,3,20
117,1,4,19
117,22,1,4
117,22,2,21
117,22,3,8
117,22,4,18
117,8,1,5
117,8,2,14
117,8,3,16
117,8,4,13
117,9,1,1
117,9,2,11
117,9,3,10
117,9,4,12
117,27,1,3
117,27,2,24
117,27,3,20
117,27,4,18
117,24,1,3
117,24,2,22
117,24,3,21
117,24,4,8
117,16,1,3
117,16,2,11
117,16,3,8
117,16,4,10
117,13,1,4
117,13,2,8
117,13,3,22
117,13,4,9
117,14,1,1
117,14,2,10
117,14,3,12
117,14,4,7
117,23,1,5
117,23,2,25
117,23,3,24
117,23,4,15
118,6,1,4
118,6,2,18
118,6,3,8
118,6,4,9
118,6,5,22
118,17,1,3
118,17,2,12
118,17,3,8
118,17,4,21
118,17,5,11
118,13,1,3
118,13,2,12
118,13,3,8
118,13,4,10
118,13,5,11
118,14,1,1
118,14,2,11
118,14,3,10
118,14,4,6
118,14,5,21
118,25,1,3
118,25,2,20
118,25,3,19
118,25,4,24
118,25,5,25
118,16,1,1
118,16,2,12
118,16,3,7
118,16,4,11
118,16,5,21
118,27,1,4
118,27,2,9
118,27,3,19
118,27,4,22
118,27,5,21
118,28,1,5
118,28,2,15
118,28,3,14
118,28,4,13
118,28,5,16
118,24,1,1
118,24,2,11
118,24,3,12
118,24,4,10
118,24,5,6
118,20,1,5
118,20,2,23
118,20,3,24
118,20,4,15
118,20,5,25
119,6,1,1
119,6,2,11
119,6,3,7
119,17,1,3
119,17,2,20
119,17,3,19
119,28,1,2
119,28,2,15
119,28,3,14
119,14,1,1
119,14,2,7
119,14,3,12
119,9,1,3
119,9,2,24
119,9,3,19
119,16,1,4
119,16,2,18
119,16,3,8
119,12,1,3
119,12,2,10
119,12,3,21
119,24,1,5
119,24,2,13
119,24,3,14
119,19,1,1
119,19,2,21
119,19,3,7
119,10,1,4
119,10,2,25
119,10,3,20
120,16,1,4
120,16,2,18
120,16,3,9
120,16,4,19
120,16,5,21
120,12,1,4
120,12,2,22
120,12,3,21
120,12,4,9
120,12,5,18
120,23,1,2
120,23,2,15
120,23,3,14
120,23,4,13
120,23,5,16
120,24,1,1
120,24,2,10
120,24,3,7
120,24,4,6
120,24,5,11
120,5,1,5
120,5,2,15
120,5,3,25
120,5,4,24
120,5,5,23
120,6,1,3
120,6,2,18
120,6,3,8
120,6,4,9
120,6,5,22
120,8,1,3
120,8,2,22
120,8,3,18
120,8,4,19
120,8,5,21
120,3,1,5
120,3,2,14
120,3,3,16
120,3,4,15
120,3,5,13
120,18,1,1
120,18,2,6
120,18,3,12
120,18,4,11
120,18,5,7
120,10,1,3
120,10,2,18
120,10,3,25
120,10,4,20
120,10,5,19
