match_id,player_id,team,role,champion_id,kills,deaths,assists,cs,gold,win
1,26,blue,Top,1,4,2,3,272,12741,true
1,17,blue,Jungle,9,6,5,11,244,13554,true
1,18,blue,Mid,13,5,2,12,229,13257,true
1,4,blue,ADC,19,15,2,10,230,16077,true
1,20,blue,Support,24,2,7,19,40,9033,true
1,11,red,Top,3,0,4,3,286,11931,false
1,27,red,Jungle,7,3,6,5,268,12787,false
1,28,red,Mid,12,3,9,4,309,13521,false
1,9,red,ADC,18,2,9,4,327,13311,false
1,22,red,Support,22,3,8,12,40,8480,false
2,9,blue,Top,4,4,5,6,167,8689,true
2,25,blue,Jungle,11,11,2,10,131,10730,true
2,8,blue,Mid,13,7,5,4,184,9631,true
2,24,blue,ADC,20,7,2,13,126,9496,true
2,20,blue,Support,25,4,2,18,26,7132,true
2,11,red,Top,5,1,8,5,132,7137,false
2,27,red,Jungle,8,0,8,10,117,6970,false
2,13,red,Mid,14,0,3,3,129,6236,false
2,4,red,ADC,17,10,3,3,155,9966,false
2,15,red,Support,26,0,5,12,27,5178,false
3,21,blue,Top,5,6,5,3,185,10160,false
3,27,blue,Jungle,7,4,5,15,180,10644,false
3,23,blue,Mid,15,4,5,7,229,10855,false
3,25,blue,ADC,20,5,5,3,207,10115,false
3,20,blue,Support,26,2,8,10,31,6548,false
3,26,red,Top,2,5,2,2,213,10316,true
3,12,red,Jungle,10,7,6,6,160,10418,true
3,17,red,Mid,13,5,5,8,193,10619,true
3,24,red,ADC,19,7,1,7,208,11514,true
3,15,red,Support,23,0,2,18,30,6822,true
4,21,blue,Top,2,7,5,9,284,14297,true
4,23,blue,Jungle,8,12,3,12,186,14059,true
4,28,blue,Mid,14,10,5,3,233,13494,true
4,24,blue,ADC,18,5,3,9,251,13144,true
4,5,blue,Support,25,3,5,15,54,9223,true
4,1,red,Top,4,2,3,2,301,12441,false
4,17,red,Jungle,10,4,5,6,175,11021,false
4,8,red,Mid,12,1,5,3,324,12682,false
4,9,red,ADC,20,3,6,4,321,13421,false
4,10,red,Support,22,0,3,12,52,7892,false
5,26,blue,Top,4,2,6,5,311,13083,false
5,19,blue,Jungle,7,2,2,2,177,9917,false
5,23,blue,Mid,15,5,8,4,227,11901,false
5,9,blue,ADC,21,7,3,7,289,14456,false
5,10,blue,Support,23,0,10,5,53,6940,false
5,1,red,Top,2,6,8,10,311,14617,true
5,22,red,Jungle,10,2,6,12,191,11369,true
5,17,red,Mid,14,6,3,5,232,12443,true
5,24,red,ADC,18,13,1,6,261,15373,true
5,8,red,Support,25,2,2,23,39,9321,true
6,11,blue,Top,5,2,5,1,154,7886,false
6,12,blue,Jungle,8,2,6,6,128,7496,false
6,8,blue,Mid,14,2,8,5,183,8683,false
6,19,blue,ADC,17,8,9,6,164,10325,false
6,10,blue,Support,26,1,3,7,29,5324,false
6,1,red,Top,4,3,3,5,212,9692,true
6,27,red,Jungle,10,3,4,10,118,8254,true
6,23,red,Mid,12,3,2,10,172,9185,true
6,9,red,ADC,19,6,3,6,144,9114,true
6,15,red,Support,22,1,3,13,29,6225,true
7,11,blue,Top,5,7,3,4,265,12762,false
7,7,blue,Jungle,9,2,8,7,154,9510,false
7,28,blue,Mid,15,4,4,3,235,11245,false
7,19,blue,ADC,20,4,5,6,223,11162,false
7,10,blue,Support,22,1,1,7,49,6891,false
7,16,red,Top,3,6,7,8,246,12517,true
7,15,red,Jungle,8,3,6,10,164,10370,true
7,9,red,Mid,12,7,2,4,220,11992,true
7,4,red,ADC,19,4,2,11,261,12602,true
7,25,red,Support,26,4,1,12,46,8081,true
8,26,blue,Top,5,4,6,1,227,11141,false
8,2,blue,Jungle,7,7,12,5,224,12155,false
8,23,blue,Mid,13,2,9,9,264,12074,false
8,14,blue,ADC,20,3,6,5,208,10785,false
8,8,blue,Support,22,1,6,7,35,6714,false
8,1,red,Top,3,5,5,11,230,12617,true
8,27,red,Jungle,8,8,2,14,187,12928,true
8,28,red,Mid,12,9,5,8,238,13677,true
8,19,red,ADC,17,8,2,5,268,13381,true
8,10,red,Support,25,4,3,20,45,9238,true
9,13,blue,Top,4,1,2,3,184,8688,true
9,22,blue,Jungle,7,10,4,6,174,11443,true
9,8,blue,Mid,16,8,2,8,193,11534,true
9,9,blue,ADC,19,6,3,8,238,11876,true
9,25,blue,Support,23,1,3,15,28,6959,true
9,11,red,Top,5,3,5,2,174,9095,false
9,12,red,Jungle,11,3,8,7,164,9209,false
9,15,red,Mid,14,2,4,5,246,10434,false
9,4,red,ADC,18,1,5,4,205,9300,false
9,10,red,Support,24,1,5,8,34,6110,false
10,16,blue,Top,3,4,8,2,229,11516,false
10,5,blue,Jungle,7,0,3,1,230,10386,false
10,13,blue,Mid,16,8,2,5,225,12823,false
10,14,blue,ADC,21,9,5,6,229,13438,false
10,25,blue,Support,25,0,10,10,51,7480,false
10,21,red,Top,2,6,5,2,311,14016,true
10,17,red,Jungle,10,6,1,11,225,13116,true
10,18,red,Mid,12,10,4,7,314,15543,true
10,24,red,ADC,18,9,1,6,315,15372,true
10,20,red,Support,23,3,8,14,47,8575,true
11,4,blue,Top,3,1,3,6,174,8018,true
11,27,blue,Jungle,9,10,3,7,119,9367,true
11,18,blue,Mid,13,5,2,4,166,8592,true
11,24,blue,ADC,18,4,3,7,172,8771,true
11,15,blue,Support,24,1,4,11,28,5148,true
11,26,red,Top,5,3,3,7,130,7749,false
11,22,red,Jungle,7,2,6,4,114,6781,false
11,23,red,Mid,12,3,7,10,134,8197,false
11,9,red,ADC,19,3,6,7,129,7428,false
11,25,red,Support,23,2,5,11,23,5354,false
12,21,blue,Top,3,5,2,3,174,9457,true
12,7,blue,Jungle,9,12,6,8,133,11453,true
12,23,blue,Mid,12,5,2,13,195,11134,true
12,4,blue,ADC,17,9,6,6,206,11540,true
12,16,blue,Support,24,0,6,12,37,5959,true
12,5,red,Top,4,2,6,2,169,8408,false
12,27,red,Jungle,11,5,5,16,139,10333,false
12,18,red,Mid,15,3,11,5,232,10523,false
12,24,red,ADC,20,3,5,2,227,9774,false
12,15,red,Support,23,1,3,12,31,6279,false
13,11,blue,Top,1,1,3,4,214,9058,true
13,22,blue,Jungle,11,8,6,13,132,10221,true
13,8,blue,Mid,12,5,0,6,157,9312,true
13,9,blue,ADC,21,5,0,11,154,9748,true
13,17,blue,Support,23,0,2,21,30,6862,true
13,1,red,Top,4,2,5,1,175,8243,false
13,2,red,Jungle,9,1,6,10,125,7695,false
13,18,red,Mid,15,5,3,5,204,10339,false
13,15,red,ADC,19,4,9,4,207,9818,false
13,10,red,Support,24,3,6,12,33,6688,false
14,1,blue,Top,2,5,6,4,239,11178,false
14,5,blue,Jungle,7,4,3,5,141,8807,false
14,13,blue,Mid,16,3,2,4,174,9150,false
14,9,blue,ADC,21,8,1,5,203,11334,false
14,2,blue,Support,26,1,4,8,33,6199,false
14,6,red,Top,1,5,3,9,209,11061,true
14,15,red,Jungle,9,5,6,8,159,10058,true
14,28,red,Mid,13,6,6,7,192,10745,true
14,19,red,ADC,20,9,1,11,224,13036,true
14,10,red,Support,24,0,4,14,42,6611,true
15,1,blue,Top,2,4,1,4,242,11675,true
15,27,blue,Jungle,7,4,3,12,193,11618,true
15,3,blue,Mid,13,3,6,13,296,13839,true
15,25,blue,ADC,18,9,1,13,280,15073,true
15,20,blue,Support,23,0,2,12,44,7370,true
15,8,red,Top,3,4,7,5,280,12596,false
15,17,red,Jungle,10,8,9,9,239,13493,false
15,9,red,Mid,15,3,6,9,307,13324,false
15,16,red,ADC,21,6,7,5,217,12163,false
15,10,red,Support,24,0,7,9,41,7124,false
16,6,blue,Top,1,6,3,7,146,9209,true
16,7,blue,Jungle,11,8,4,8,110,9041,true
16,18,blue,Mid,14,6,1,8,193,10278,true
16,9,blue,ADC,19,11,1,5,152,10683,true
16,4,blue,Support,26,1,5,19,34,6686,true
16,21,red,Top,5,2,3,5,176,8194,false
16,22,red,Jungle,8,3,5,10,116,7993,false
16,13,red,Mid,15,7,6,6,139,9282,false
16,8,red,ADC,20,3,5,3,180,8591,false
16,5,red,Support,23,1,5,10,26,5608,false
17,12,blue,Top,1,2,7,7,312,13506,false
17,17,blue,Jungle,10,9,6,7,205,13433,false
17,23,blue,Mid,13,6,3,9,336,15405,false
17,4,blue,ADC,20,4,7,4,335,14220,false
17,28,blue,Support,22,1,6,8,54,7742,false
17,10,red,Top,4,7,2,6,250,13738,true
17,22,red,Jungle,9,9,2,15,196,14023,true
17,13,red,Mid,12,21,2,6,285,18461,true
17,9,red,ADC,19,9,5,10,229,14240,true
17,25,red,Support,23,2,6,17,42,8883,true
18,21,blue,Top,1,6,4,4,200,10485,false
18,12,blue,Jungle,8,6,8,7,140,9566,false
18,8,blue,Mid,13,6,2,1,190,9975,false
18,4,blue,ADC,18,5,3,4,192,9875,false
18,10,blue,Support,22,2,3,7,31,5978,false
18,26,red,Top,5,4,2,4,213,10177,true
18,27,red,Jungle,10,9,4,13,131,10627,true
18,25,red,Mid,14,4,3,7,193,9830,true
18,14,red,ADC,17,7,4,6,158,10204,true
18,28,red,Support,23,3,2,17,38,7593,true
19,6,blue,Top,2,2,3,8,196,9084,true
19,22,blue,Jungle,8,4,0,5,127,7983,true
19,23,blue,Mid,13,9,5,5,150,10104,true
19,14,blue,ADC,18,9,0,8,159,10345,true
19,20,blue,Support,26,1,4,10,24,5468,true
19,1,red,Top,5,4,6,3,140,8205,false
19,2,red,Jungle,7,4,6,8,114,8159,false
19,28,red,Mid,14,3,8,6,178,9079,false
19,26,red,ADC,20,5,3,9,195,10050,false
19,5,red,Support,25,3,6,7,26,5747,false
20,6,blue,Top,4,7,5,3,170,9502,true
20,27,blue,Jungle,7,9,8,10,139,10213,true
20,18,blue,Mid,13,10,4,8,142,10161,true
20,24,blue,ADC,18,11,4,13,183,12127,true
20,25,blue,Support,22,3,4,21,24,7201,true
20,11,red,Top,3,6,9,4,183,9458,false
20,12,red,Jungle,11,2,2,6,142,7483,false
20,8,red,Mid,14,6,3,1,130,7851,false
20,15,red,ADC,19,6,7,4,187,9699,false
20,10,red,Support,24,2,9,7,28,5357,false
21,6,blue,Top,3,5,5,1,338,14218,false
21,25,blue,Jungle,11,2,3,5,186,10681,false
21,28,blue,Mid,13,6,9,10,277,14287,false
21,19,blue,ADC,21,6,5,5,240,12973,false
21,15,blue,Support,23,2,9,11,51,8226,false
21,11,red,Top,2,5,3,5,248,12830,true
21,17,red,Jungle,9,5,2,13,178,12247,true
21,23,red,Mid,15,7,2,11,305,15247,true
21,9,red,ADC,20,7,7,11,294,15099,true
21,5,red,Support,26,3,4,11,45,8616,true
22,16,blue,Top,5,5,3,8,240,12710,false
22,22,blue,Jungle,10,1,4,6,217,10994,false
22,28,blue,Mid,15,5,7,3,285,13014,false
22,24,blue,ADC,17,6,3,8,298,14171,false
22,13,blue,Support,23,1,5,12,52,7915,false
22,26,red,Top,1,7,1,6,267,13526,true
22,12,red,Jungle,7,10,5,11,233,14243,true
22,5,red,Mid,16,7,1,3,311,14493,true
22,9,red,ADC,19,5,4,7,251,12842,true
22,15,red,Support,25,2,4,26,40,9505,true
23,20,blue,Top,4,1,2,4,171,7407,false
23,12,blue,Jungle,10,4,4,10,129,8186,false
23,8,blue,Mid,15,7,7,1,121,7809,false
23,9,blue,ADC,19,6,2,3,129,8120,false
23,13,blue,Support,25,3,7,13,25,6147,false
23,16,red,Top,5,4,2,6,150,8207,true
23,7,red,Jungle,11,8,2,7,121,9050,true
23,18,red,Mid,12,11,3,4,119,9489,true
23,24,red,ADC,17,7,2,7,132,8898,true
23,10,red,Support,22,2,1,12,23,5826,true
24,6,blue,Top,4,4,5,2,287,12664,false
24,12,blue,Jungle,7,5,5,8,240,12543,false
24,14,blue,Mid,12,6,7,3,243,12460,false
24,24,blue,ADC,19,3,8,4,286,12596,false
24,20,blue,Support,24,0,5,10,37,7156,false
24,1,red,Top,5,8,2,4,252,13178,true
24,3,red,Jungle,8,7,5,5,228,12640,true
24,28,red,Mid,14,8,3,8,214,12950,true
24,9,red,ADC,18,10,4,10,279,14900,true
24,5,red,Support,25,0,3,10,51,7388,true
25,6,blue,Top,4,3,1,7,194,9462,false
25,28,blue,Jungle,7,3,3,11,127,8353,false
25,3,blue,Mid,13,7,4,3,153,9327,false
25,9,blue,ADC,17,3,9,2,200,9109,false
25,25,blue,Support,23,0,4,10,25,5170,false
25,26,red,Top,1,3,1,8,181,9332,true
25,17,red,Jungle,8,7,6,9,118,9245,true
25,23,red,Mid,16,9,4,14,149,11061,true
25,19,red,ADC,18,7,4,4,145,9411,true
25,15,red,Support,24,3,1,15,34,6711,true
26,6,blue,Top,3,2,5,7,169,8274,true
26,27,blue,Jungle,11,3,4,9,102,7182,true
26,28,blue,Mid,13,7,7,11,124,9073,true
26,15,blue,ADC,17,9,1,5,142,9341,true
26,5,blue,Support,25,2,1,14,28,6098,true
26,26,red,Top,2,6,3,4,132,8132,false
26,17,red,Jungle,9,1,8,2,122,6218,false
26,14,red,Mid,15,3,5,7,177,8464,false
26,9,red,ADC,21,8,9,2,149,8817,false
26,25,red,Support,26,1,6,12,27,5496,false
27,26,blue,Top,5,11,8,10,174,12335,true
27,7,blue,Jungle,11,5,3,8,150,9729,true
27,18,blue,Mid,16,7,3,8,225,12183,true
27,4,blue,ADC,17,15,1,7,244,14743,true
27,20,blue,Support,23,0,2,16,42,7083,true
27,5,red,Top,2,2,7,3,225,9930,false
27,12,red,Jungle,8,2,3,7,139,8774,false
27,23,red,Mid,15,7,3,1,218,11270,false
27,16,red,ADC,21,5,7,4,205,10556,false
27,10,red,Support,24,0,5,19,34,7215,false
28,1,blue,Top,4,7,1,9,231,13203,true
28,27,blue,Jungle,8,5,3,10,181,11884,true
28,23,blue,Mid,14,7,3,10,301,14720,true
28,24,blue,ADC,18,9,2,11,294,15411,true
28,10,blue,Support,22,4,4,18,45,9616,true
28,12,red,Top,1,4,6,1,247,11889,false
28,17,red,Jungle,10,1,10,5,253,11414,false
28,14,red,Mid,16,1,4,4,311,12570,false
28,4,red,ADC,20,3,4,3,257,12024,false
28,25,red,Support,26,2,4,4,52,7311,false
29,21,blue,Top,4,2,4,8,228,10703,true
29,7,blue,Jungle,10,5,2,9,165,10284,true
29,8,blue,Mid,12,7,2,7,230,12183,true
29,19,blue,ADC,21,9,8,9,234,12961,true
29,20,blue,Support,23,1,2,21,36,7644,true
29,16,red,Top,3,3,6,6,204,10374,false
29,27,red,Jungle,9,2,8,7,170,9277,false
29,18,red,Mid,13,3,5,7,182,9974,false
29,12,red,ADC,18,8,4,6,243,12792,false
29,25,red,Support,26,1,2,6,33,5979,false
30,26,blue,Top,1,4,4,7,134,8359,true
30,22,blue,Jungle,11,2,7,8,137,7879,true
30,19,blue,Mid,13,5,1,8,139,8855,true
30,4,blue,ADC,17,10,3,7,178,10866,true
30,3,blue,Support,22,2,6,16,27,6494,true
30,2,red,Top,3,2,4,2,150,7643,false
30,12,red,Jungle,10,3,5,8,118,7616,false
30,8,red,Mid,16,3,8,7,154,8452,false
30,25,red,ADC,21,4,4,7,139,8448,false
30,15,red,Support,25,0,3,12,25,5349,false
31,16,blue,Top,1,4,4,3,202,9596,false
31,17,blue,Jungle,10,7,9,3,145,9040,false
31,8,blue,Mid,16,3,4,4,200,9161,false
31,7,blue,ADC,17,2,4,4,150,7835,false
31,15,blue,Support,22,1,5,7,35,5337,false
31,24,red,Top,2,9,2,5,194,11158,true
31,9,red,Jungle,7,3,5,8,118,8093,true
31,3,red,Mid,14,6,2,4,192,9949,true
31,4,red,ADC,21,7,5,6,190,10371,true
31,25,red,Support,23,2,2,18,31,7118,true
32,28,blue,Top,5,2,2,9,217,11198,true
32,20,blue,Jungle,8,5,8,9,208,11790,true
32,13,blue,Mid,16,11,2,5,271,14253,true
32,6,blue,ADC,20,11,8,10,233,14380,true
32,5,blue,Support,26,2,3,11,47,7600,true
32,16,red,Top,3,2,7,3,286,11684,false
32,19,red,Jungle,7,4,7,6,163,9992,false
32,23,red,Mid,12,3,7,5,241,11323,false
32,2,red,ADC,21,3,10,4,204,10482,false
32,25,red,Support,23,2,8,9,45,7244,false
33,11,blue,Top,2,4,5,9,245,11629,false
33,2,blue,Jungle,8,8,9,3,162,10657,false
33,28,blue,Mid,15,1,5,6,182,9110,false
33,24,blue,ADC,19,4,4,1,178,9306,false
33,20,blue,Support,26,1,6,12,33,6879,false
33,21,red,Top,4,8,0,5,203,11806,true
33,12,red,Jungle,7,3,2,8,160,9580,true
33,23,red,Mid,16,4,3,5,203,10492,true
33,19,red,ADC,20,7,3,3,259,12428,true
33,8,red,Support,24,1,3,20,43,7848,true
34,26,blue,Top,5,2,5,4,177,9033,false
34,20,blue,Jungle,11,5,6,6,189,10310,false
34,28,blue,Mid,14,3,7,4,202,9981,false
34,19,blue,ADC,20,2,5,6,184,9268,false
34,5,blue,Support,25,0,6,9,34,5833,false
34,8,red,Top,2,1,5,5,245,10074,true
34,16,red,Jungle,8,4,2,17,150,10311,true
34,10,red,Mid,13,3,2,10,179,9989,true
34,3,red,ADC,19,13,4,8,176,12765,true
34,25,red,Support,23,2,3,13,38,7083,true
35,9,blue,Top,3,6,8,4,172,9231,false
35,27,blue,Jungle,9,1,10,7,108,6921,false
35,18,blue,Mid,15,7,5,5,195,10217,false
35,3,blue,ADC,19,1,7,4,145,7338,false
35,25,blue,Support,26,1,3,13,24,5723,false
35,26,red,Top,5,7,5,7,137,9166,true
35,22,red,Jungle,8,4,2,5,122,7667,true
35,23,red,Mid,12,8,5,8,177,10524,true
35,19,red,ADC,17,13,2,11,168,12054,true
35,20,red,Support,25,3,2,24,26,7519,true
36,6,blue,Top,4,1,7,1,200,8322,false
36,2,blue,Jungle,7,4,8,6,146,8475,false
36,18,blue,Mid,14,4,5,6,147,8696,false
36,19,blue,ADC,18,3,4,8,184,9174,false
36,15,blue,Support,22,2,7,13,33,6367,false
36,26,red,Top,2,8,4,2,142,9170,true
36,22,red,Jungle,11,5,4,6,144,8931,true
36,8,red,Mid,15,7,5,14,189,11039,true
36,4,red,ADC,20,12,4,4,153,10878,true
36,5,red,Support,23,4,3,16,25,6972,true
37,11,blue,Top,4,3,6,7,132,7515,false
37,17,blue,Jungle,9,5,9,6,136,8287,false
37,23,blue,Mid,14,4,5,7,163,8794,false
37,24,blue,ADC,17,7,7,4,137,8523,false
37,25,blue,Support,25,1,3,15,29,5920,false
37,26,red,Top,2,6,4,4,172,8868,true
37,7,red,Jungle,8,6,4,13,133,9157,true
37,3,red,Mid,12,8,3,6,118,8597,true
37,14,red,ADC,19,11,2,9,133,10292,true
37,15,red,Support,22,4,1,18,21,7007,true
38,16,blue,Top,2,3,4,4,189,9676,false
38,9,blue,Jungle,10,3,6,5,188,9511,false
38,15,blue,Mid,14,7,4,8,224,11856,false
38,19,blue,ADC,21,5,3,2,220,10651,false
38,20,blue,Support,22,4,5,5,42,6952,false
38,6,red,Top,5,6,2,4,170,10146,true
38,22,red,Jungle,9,10,6,13,170,12177,true
38,8,red,Mid,16,8,1,6,241,12291,true
38,13,red,ADC,19,13,2,8,214,13407,true
38,10,red,Support,23,1,3,12,32,6412,true
39,16,blue,Top,2,7,2,4,253,12304,true
39,22,blue,Jungle,11,5,3,19,202,12457,true
39,28,blue,Mid,16,8,5,9,193,12184,true
39,19,blue,ADC,20,12,4,1,220,12897,true
39,25,blue,Support,25,2,2,17,46,8105,true
39,10,red,Top,5,2,4,7,273,11743,false
39,27,red,Jungle,7,3,14,3,188,9989,false
39,13,red,Mid,12,6,6,4,191,10906,false
39,14,red,ADC,19,4,7,4,231,11092,false
39,20,red,Support,26,1,8,9,35,6607,false
40,12,blue,Top,2,6,4,6,259,12786,true
40,22,blue,Jungle,9,7,5,11,160,11272,true
40,4,blue,Mid,12,5,3,9,240,12318,true
40,19,blue,ADC,18,6,3,9,201,11644,true
40,28,blue,Support,24,1,2,19,38,7962,true
40,26,red,Top,5,2,2,7,234,10903,false
40,17,red,Jungle,11,4,7,7,177,10246,false
40,24,red,Mid,15,7,8,6,200,11640,false
40,9,red,ADC,19,1,7,4,253,10899,false
40,20,red,Support,26,0,2,8,38,6348,false
41,1,blue,Top,5,4,3,3,140,8153,false
41,2,blue,Jungle,9,6,5,5,152,9112,false
41,24,blue,Mid,15,2,4,3,131,6970,false
41,9,blue,ADC,17,3,3,6,136,8032,false
41,15,blue,Support,23,2,4,10,30,5794,false
41,26,red,Top,1,6,0,10,189,10331,true
41,7,red,Jungle,11,7,1,6,140,9327,true
41,28,red,Mid,13,6,4,12,144,9570,true
41,14,red,ADC,19,7,3,8,173,10042,true
41,10,red,Support,22,4,2,14,33,7070,true
42,5,blue,Top,1,2,2,6,308,12738,true
42,22,blue,Jungle,10,13,5,6,243,15021,true
42,18,blue,Mid,14,12,8,8,280,15706,true
42,14,blue,ADC,20,7,2,8,281,14122,true
42,25,blue,Support,25,1,1,11,43,7452,true
42,6,red,Top,5,3,6,4,304,12806,false
42,27,red,Jungle,11,5,4,7,213,12035,false
42,28,red,Mid,16,2,4,4,224,10913,false
42,1,red,ADC,21,4,7,6,260,12713,false
42,10,red,Support,24,0,3,5,40,6410,false
43,16,blue,Top,5,5,1,6,169,9285,true
43,22,blue,Jungle,10,8,1,10,149,10592,true
43,23,blue,Mid,16,8,1,10,212,11524,true
43,24,blue,ADC,19,10,5,7,160,10758,true
43,11,blue,Support,26,1,1,16,30,6529,true
43,6,red,Top,1,1,5,5,165,7898,false
43,2,red,Jungle,7,3,4,6,131,8199,false
43,18,red,Mid,12,4,7,5,168,9216,false
43,20,red,ADC,20,2,7,4,177,8432,false
43,10,red,Support,22,3,3,12,36,6599,false
44,1,blue,Top,3,9,5,8,193,12154,true
44,7,blue,Jungle,9,5,4,12,138,10069,true
44,18,blue,Mid,16,8,3,4,219,12021,true
44,24,blue,ADC,20,10,7,7,190,11997,true
44,15,blue,Support,23,0,3,15,36,6802,true
44,16,red,Top,2,0,6,3,252,9865,false
44,12,red,Jungle,8,5,8,8,149,9981,false
44,23,red,Mid,14,4,5,1,211,10329,false
44,14,red,ADC,18,4,6,4,193,10126,false
44,20,red,Support,26,0,8,10,42,6174,false
45,25,blue,Top,2,3,3,10,132,8111,true
45,27,blue,Jungle,8,3,2,3,110,7069,true
45,13,blue,Mid,16,11,3,7,129,10164,true
45,14,blue,ADC,20,7,4,7,143,9336,true
45,15,blue,Support,26,3,1,15,25,6310,true
45,11,red,Top,4,4,8,2,134,7765,false
45,1,red,Jungle,7,3,3,5,125,7575,false
45,18,red,Mid,15,0,5,8,125,6698,false
45,4,red,ADC,19,5,5,4,157,8685,false
45,2,red,Support,25,0,6,10,24,4879,false
46,11,blue,Top,5,3,5,1,178,8615,false
46,12,blue,Jungle,9,2,8,6,128,7901,false
46,3,blue,Mid,14,5,5,6,205,10162,false
46,24,blue,ADC,20,2,6,7,210,9702,false
46,10,blue,Support,22,2,8,7,37,6157,false
46,26,red,Top,1,8,6,10,196,11294,true
46,17,red,Jungle,10,4,1,13,160,9959,true
46,28,red,Mid,12,8,2,3,149,9540,true
46,9,red,ADC,17,11,2,5,170,11387,true
46,22,red,Support,24,3,0,10,34,6532,true
47,11,blue,Top,1,4,3,10,162,8755,true
47,2,blue,Jungle,7,5,4,5,125,7636,true
47,3,blue,Mid,16,4,2,5,137,7802,true
47,4,blue,ADC,20,19,5,8,117,12317,true
47,10,blue,Support,25,4,2,15,20,6390,true
47,26,red,Top,4,2,8,10,138,7852,false
47,22,red,Jungle,10,1,6,8,103,6233,false
47,23,red,Mid,14,5,4,4,149,8186,false
47,14,red,ADC,21,8,7,1,147,8757,false
47,25,red,Support,24,1,9,11,27,5199,false
48,16,blue,Top,4,4,6,5,176,8928,false
48,13,blue,Jungle,9,4,3,7,139,8166,false
48,6,blue,Mid,15,8,7,2,131,8909,false
48,9,blue,ADC,17,6,3,5,144,8791,false
48,15,blue,Support,26,2,3,7,24,5179,false
48,26,red,Top,3,4,3,1,142,7816,true
48,27,red,Jungle,8,5,3,13,122,9024,true
48,7,red,Mid,14,8,3,6,182,10222,true
48,24,red,ADC,20,8,6,9,185,10806,true
48,10,red,Support,25,2,3,13,22,5704,true
49,16,blue,Top,4,6,8,3,280,13081,false
49,17,blue,Jungle,9,3,4,10,189,11080,false
49,23,blue,Mid,15,2,6,4,278,11763,false
49,24,blue,ADC,19,7,5,4,283,13314,false
49,12,blue,Support,22,1,5,12,45,7513,false
49,21,red,Top,3,8,1,5,298,14105,true
49,7,red,Jungle,8,8,3,10,228,13330,true
49,18,red,Mid,14,10,3,4,286,14489,true
49,10,red,ADC,18,7,3,9,299,14192,true
49,15,red,Support,24,3,1,18,48,8949,true
50,21,blue,Top,5,4,7,3,299,13552,false
50,17,blue,Jungle,7,5,1,9,216,12554,false
50,18,blue,Mid,14,5,4,7,257,13311,false
50,5,blue,ADC,20,4,7,4,257,12763,false
50,20,blue,Support,26,1,5,8,51,7873,false
50,26,red,Top,3,9,2,6,297,15150,true
50,27,red,Jungle,8,3,8,8,220,12181,true
50,3,red,Mid,15,7,3,7,343,15830,true
50,19,red,ADC,19,7,1,5,266,13679,true
50,1,red,Support,25,0,4,14,48,8100,true
51,11,blue,Top,1,9,5,5,154,9660,true
51,27,blue,Jungle,7,4,1,12,91,7638,true
51,23,blue,Mid,16,11,4,11,164,11068,true
51,20,blue,ADC,17,12,6,11,158,11320,true
51,10,blue,Support,26,0,3,26,22,6376,true
51,26,red,Top,4,3,4,9,128,7592,false
51,22,red,Jungle,8,3,2,4,127,7054,false
51,3,red,Mid,15,5,6,4,155,8322,false
51,2,red,ADC,19,7,3,6,159,9314,false
51,9,red,Support,25,1,8,13,24,5141,false
52,11,blue,Top,1,6,5,3,178,10182,true
52,22,blue,Jungle,9,10,3,5,142,10724,true
52,23,blue,Mid,15,8,4,6,191,11328,true
52,24,blue,ADC,17,5,1,7,225,11373,true
52,15,blue,Support,25,0,4,19,35,7192,true
52,5,red,Top,4,0,4,5,227,9701,false
52,12,red,Jungle,7,6,3,4,175,10127,false
52,13,red,Mid,12,4,4,8,224,11105,false
52,14,red,ADC,20,12,3,1,217,12505,false
52,10,red,Support,26,2,8,11,41,6912,false
53,11,blue,Top,1,9,2,10,150,10590,true
53,8,blue,Jungle,8,6,6,12,141,9540,true
53,18,blue,Mid,12,9,2,7,200,11455,true
53,4,blue,ADC,18,10,3,8,194,11502,true
53,25,blue,Support,25,1,3,20,33,7003,true
53,26,red,Top,5,3,8,6,146,8305,false
53,7,red,Jungle,7,1,2,6,114,6819,false
53,23,red,Mid,15,3,5,5,160,8450,false
53,9,red,ADC,19,9,5,6,142,10074,false
53,20,red,Support,24,0,3,11,27,5246,false
54,18,blue,Top,2,11,2,16,140,11446,true
54,22,blue,Jungle,11,7,3,12,129,9288,true
54,25,blue,Mid,14,12,2,7,137,10636,true
54,24,blue,ADC,20,7,5,11,170,10403,true
54,6,blue,Support,25,2,3,17,27,6364,true
54,21,red,Top,5,5,5,7,140,8608,false
54,12,red,Jungle,10,2,6,3,99,6526,false
54,13,red,Mid,12,8,8,2,165,9276,false
54,9,red,ADC,19,5,2,3,135,7991,false
54,15,red,Support,23,0,4,12,28,5287,false
55,6,blue,Top,5,6,1,12,134,9215,true
55,2,blue,Jungle,7,4,5,10,102,7558,true
55,3,blue,Mid,12,8,5,4,167,9496,true
55,24,blue,ADC,20,8,2,5,178,9821,true
55,5,blue,Support,24,4,5,17,27,6903,true
55,11,red,Top,4,1,5,2,164,7400,false
55,19,red,Jungle,10,4,3,9,119,7807,false
55,23,red,Mid,16,7,6,8,146,9437,false
55,14,red,ADC,17,4,4,5,156,8409,false
55,10,red,Support,26,1,6,12,23,5281,false
56,1,blue,Top,5,4,1,7,262,11830,true
56,17,blue,Jungle,9,7,3,13,160,11183,true
56,23,blue,Mid,15,13,3,5,252,14037,true
56,6,blue,ADC,18,11,7,11,260,14355,true
56,25,blue,Support,26,2,5,21,36,8183,true
56,11,red,Top,4,2,4,4,204,9622,false
56,22,red,Jungle,11,3,7,5,162,9131,false
56,13,red,Mid,14,4,8,1,198,9833,false
56,15,red,ADC,19,2,8,10,227,10741,false
56,5,red,Support,22,1,4,6,44,6277,false
57,11,blue,Top,4,3,4,3,247,10623,false
57,27,blue,Jungle,10,2,7,7,195,9935,false
57,23,blue,Mid,15,5,2,4,221,10702,false
57,24,blue,ADC,17,5,8,7,168,10150,false
57,13,blue,Support,24,1,6,11,32,6550,false
57,26,red,Top,1,7,2,4,197,11126,true
57,2,red,Jungle,9,5,2,7,163,9834,true
57,8,red,Mid,13,12,4,12,203,13276,true
57,14,red,ADC,19,6,4,11,250,12640,true
57,6,red,Support,26,0,1,27,35,8145,true
58,21,blue,Top,3,8,2,6,231,13407,true
58,17,blue,Jungle,7,6,3,9,245,13459,true
58,8,blue,Mid,13,11,2,8,230,14251,true
58,19,blue,ADC,19,8,0,9,276,14465,true
58,15,blue,Support,24,1,3,14,50,8389,true
58,11,red,Top,5,3,6,3,251,11834,false
58,23,red,Jungle,10,2,8,5,199,10709,false
58,13,red,Mid,14,3,4,5,311,13328,false
58,24,red,ADC,21,3,7,4,219,11306,false
58,5,red,Support,22,0,8,11,47,7616,false
59,12,blue,Top,1,7,6,5,160,9441,false
59,17,blue,Jungle,7,8,5,8,122,9211,false
59,18,blue,Mid,16,8,3,5,149,9268,false
59,1,blue,ADC,17,4,8,4,174,8730,false
59,25,blue,Support,24,1,7,12,26,5274,false
59,21,red,Top,4,4,3,7,151,8371,true
59,22,red,Jungle,9,9,3,11,127,10034,true
59,4,red,Mid,12,8,6,1,174,9402,true
59,19,red,ADC,18,10,5,8,148,10350,true
59,20,red,Support,22,2,3,12,21,5560,true
60,26,blue,Top,4,1,9,4,248,11616,false
60,2,blue,Jungle,8,1,7,9,193,10966,false
60,28,blue,Mid,15,3,9,4,276,12795,false
60,10,blue,ADC,20,5,4,1,316,13946,false
60,15,blue,Support,24,1,5,6,45,7568,false
60,9,red,Top,3,6,3,5,330,15016,true
60,22,red,Jungle,7,10,2,11,222,14374,true
60,23,red,Mid,14,7,2,7,289,14658,true
60,4,red,ADC,17,5,2,8,265,13564,true
60,20,red,Support,22,1,1,10,51,8216,true
61,6,blue,Top,2,4,2,8,170,9616,true
61,8,blue,Jungle,9,5,0,10,177,10485,true
61,28,blue,Mid,15,8,3,10,197,11603,true
61,14,blue,ADC,19,11,2,10,206,12769,true
61,5,blue,Support,23,1,8,18,35,6923,true
61,13,red,Top,4,5,5,0,159,8768,false
61,2,red,Jungle,7,3,7,7,163,9026,false
61,18,red,Mid,16,2,5,6,173,9115,false
61,9,red,ADC,17,3,6,2,211,9837,false
61,10,red,Support,26,1,8,5,29,5695,false
62,4,blue,Top,2,2,3,6,180,9430,true
62,17,blue,Jungle,7,9,6,21,176,12849,true
62,10,blue,Mid,16,5,3,3,215,10515,true
62,24,blue,ADC,18,9,4,8,237,12768,true
62,25,blue,Support,26,1,7,14,38,6898,true
62,1,red,Top,4,3,6,5,179,9600,false
62,12,red,Jungle,10,3,4,3,163,8861,false
62,28,red,Mid,12,6,5,3,221,11265,false
62,9,red,ADC,19,3,1,5,169,9191,false
62,20,red,Support,23,3,8,8,35,6720,false
63,6,blue,Top,3,5,2,8,200,11048,true
63,27,blue,Jungle,9,5,2,9,189,10767,true
63,18,blue,Mid,15,9,3,4,212,11917,true
63,4,blue,ADC,20,7,2,7,241,12207,true
63,25,blue,Support,24,2,8,21,37,7942,true
63,26,red,Top,2,1,5,3,183,8736,false
63,22,red,Jungle,11,2,12,5,161,8897,false
63,3,red,Mid,12,5,8,3,234,11018,false
63,19,red,ADC,17,7,4,3,222,11349,false
63,5,red,Support,22,2,8,15,33,7338,false
64,6,blue,Top,5,5,2,6,232,11928,true
64,2,blue,Jungle,11,8,5,12,171,12538,true
64,22,blue,Mid,12,16,7,9,220,15308,true
64,9,blue,ADC,17,10,2,6,214,13239,true
64,25,blue,Support,24,1,1,15,49,8208,true
64,23,red,Top,2,2,9,3,303,12433,false
64,27,red,Jungle,10,7,5,8,160,11382,false
64,13,red,Mid,13,4,1,6,251,12354,false
64,4,red,ADC,20,5,8,3,262,12549,false
64,15,red,Support,23,1,4,6,44,7100,false
65,1,blue,Top,1,3,1,6,229,10721,true
65,17,blue,Jungle,8,9,2,10,181,11754,true
65,8,blue,Mid,16,11,5,5,170,11465,true
65,4,blue,ADC,20,6,1,10,212,11522,true
65,10,blue,Support,25,0,6,15,35,6721,true
65,6,red,Top,5,3,6,0,170,8792,false
65,7,red,Jungle,10,2,5,4,158,8629,false
65,13,red,Mid,12,2,3,5,170,8827,false
65,19,red,ADC,18,8,5,3,200,11007,false
65,24,red,Support,22,1,4,7,30,6071,false
66,16,blue,Top,2,2,6,4,138,7256,false
66,22,blue,Jungle,11,2,7,7,130,7311,false
66,28,blue,Mid,15,1,9,4,134,6682,false
66,24,blue,ADC,17,7,6,2,128,8184,false
66,25,blue,Support,23,0,6,10,30,5071,false
66,1,red,Top,1,10,4,7,155,10523,true
66,27,red,Jungle,10,3,3,6,142,7809,true
66,8,red,Mid,16,3,3,4,146,7815,true
66,14,red,ADC,20,5,4,10,158,9099,true
66,20,red,Support,24,3,7,16,24,6653,true
67,27,blue,Top,3,7,6,3,165,9298,true
67,12,blue,Jungle,10,10,3,12,134,10518,true
67,8,blue,Mid,12,11,2,4,162,10205,true
67,4,blue,ADC,20,5,5,8,144,8651,true
67,15,blue,Support,23,3,4,14,27,6078,true
67,11,red,Top,4,5,2,2,178,8754,false
67,22,red,Jungle,11,4,8,10,116,8057,false
67,1,red,Mid,15,3,3,5,169,8059,false
67,21,red,ADC,19,5,6,5,132,8091,false
67,19,red,Support,22,2,4,8,25,5079,false
68,2,blue,Top,5,4,1,8,165,9185,true
68,17,blue,Jungle,8,6,3,11,131,9679,true
68,9,blue,Mid,14,5,2,7,161,9565,true
68,14,blue,ADC,19,12,0,13,150,11896,true
68,20,blue,Support,23,1,5,15,37,6609,true
68,26,red,Top,1,3,5,2,206,9065,false
68,7,red,Jungle,7,1,5,6,144,7801,false
68,3,red,Mid,15,7,7,8,194,10676,false
68,24,red,ADC,20,4,7,8,176,9534,false
68,5,red,Support,26,0,6,11,31,5636,false
69,26,blue,Top,4,5,3,3,252,11430,true
69,12,blue,Jungle,8,6,3,8,139,10138,true
69,8,blue,Mid,13,12,4,13,232,14368,true
69,19,blue,ADC,17,17,2,6,184,13872,true
69,15,blue,Support,26,3,2,16,41,8042,true
69,21,red,Top,3,5,4,5,178,10307,false
69,22,red,Jungle,11,5,5,7,151,9984,false
69,28,red,Mid,15,4,5,8,208,10956,false
69,9,red,ADC,18,3,3,4,179,9461,false
69,10,red,Support,23,1,2,11,38,6818,false
70,26,blue,Top,5,2,3,6,222,10606,false
70,2,blue,Jungle,11,5,2,7,145,9705,false
70,20,blue,Mid,12,1,5,0,206,9122,false
70,14,blue,ADC,21,6,4,7,227,11890,false
70,5,blue,Support,25,1,4,7,32,6097,false
70,28,red,Top,3,1,1,10,252,11204,true
70,27,red,Jungle,7,8,3,12,171,11761,true
70,13,red,Mid,15,7,1,13,178,11803,true
70,24,red,ADC,17,7,6,9,240,12686,true
70,15,red,Support,24,2,5,10,38,7077,true
71,11,blue,Top,3,3,4,7,283,13318,true
71,3,blue,Jungle,11,5,4,14,250,14032,true
71,13,blue,Mid,13,5,6,10,337,15388,true
71,17,blue,ADC,18,6,4,10,283,14518,true
71,25,blue,Support,26,0,3,19,45,8469,true
71,1,red,Top,2,3,4,4,305,13445,false
71,14,red,Jungle,7,4,8,3,262,12733,false
71,18,red,Mid,12,8,4,4,321,15046,false
71,4,red,ADC,17,2,2,3,336,13672,false
71,5,red,Support,25,1,4,16,47,8445,false
72,16,blue,Top,4,3,5,4,280,12006,false
72,27,blue,Jungle,7,2,8,10,183,10226,false
72,3,blue,Mid,15,4,2,6,211,10825,false
72,4,blue,ADC,18,6,6,4,221,11578,false
72,20,blue,Support,25,0,7,17,44,7446,false
72,10,red,Top,3,4,3,6,219,11218,true
72,2,red,Jungle,8,6,2,12,205,12196,true
72,18,red,Mid,16,7,4,2,243,12050,true
72,24,red,ADC,20,8,3,11,201,12477,true
72,15,red,Support,22,2,2,9,37,7201,true
73,27,blue,Top,3,1,5,1,270,10578,false
73,12,blue,Jungle,8,4,7,13,215,11735,false
73,7,blue,Mid,13,6,0,6,271,12712,false
73,9,blue,ADC,17,9,5,8,213,12613,false
73,15,blue,Support,26,2,5,17,33,7666,false
73,20,red,Top,2,10,2,8,186,12524,true
73,17,red,Jungle,10,7,3,11,215,12509,true
73,23,red,Mid,15,12,3,8,187,12973,true
73,24,red,ADC,19,8,4,9,262,13607,true
73,25,red,Support,24,1,2,13,46,7325,true
74,19,blue,Top,1,7,2,6,236,12564,true
74,17,blue,Jungle,8,10,1,9,167,12472,true
74,13,blue,Mid,16,8,4,9,237,13303,true
74,4,blue,ADC,21,6,5,5,241,12186,true
74,20,blue,Support,24,0,2,13,47,7205,true
74,28,red,Top,2,2,6,2,216,10255,false
74,2,red,Jungle,11,4,5,6,156,9796,false
74,8,red,Mid,15,5,3,5,273,12676,false
74,9,red,ADC,17,8,5,4,274,13238,false
74,25,red,Support,22,2,2,12,34,7280,false
75,1,blue,Top,5,2,10,6,201,10244,false
75,27,blue,Jungle,10,4,4,7,196,10695,false
75,25,blue,Mid,16,4,4,0,246,11191,false
75,13,blue,ADC,19,4,9,6,236,11575,false
75,15,blue,Support,23,5,1,13,45,8433,false
75,3,red,Top,4,4,1,6,231,11587,true
75,12,red,Jungle,11,6,3,7,157,10516,true
75,8,red,Mid,14,6,1,8,265,13053,true
75,19,red,ADC,17,6,3,5,188,10867,true
75,5,red,Support,22,2,2,14,42,7829,true
76,10,blue,Top,2,2,6,1,213,9507,false
76,12,blue,Jungle,11,4,4,9,152,9599,false
76,13,blue,Mid,15,4,7,6,246,11419,false
76,24,blue,ADC,21,5,10,4,207,10613,false
76,15,blue,Support,26,1,10,8,33,6309,false
76,26,red,Top,1,8,3,4,216,11734,true
76,8,red,Jungle,10,4,5,10,182,10605,true
76,17,red,Mid,12,10,0,5,243,12847,true
76,19,red,ADC,19,2,4,8,245,10896,true
76,20,red,Support,24,2,4,17,32,7279,true
77,1,blue,Top,4,8,4,9,230,13347,true
77,17,blue,Jungle,8,7,3,6,161,11025,true
77,3,blue,Mid,12,10,4,7,278,14556,true
77,27,blue,ADC,18,4,5,14,251,12773,true
77,18,blue,Support,24,1,2,12,47,7489,true
77,4,red,Top,2,4,6,7,247,12156,false
77,22,red,Jungle,7,8,4,8,214,12601,false
77,8,red,Mid,14,4,6,3,234,11501,false
77,24,red,ADC,21,8,8,5,208,12454,false
77,10,red,Support,26,0,8,10,44,6878,false
78,21,blue,Top,3,3,3,7,161,9265,true
78,2,blue,Jungle,9,6,1,11,151,10045,true
78,13,blue,Mid,16,6,2,9,215,11341,true
78,4,blue,ADC,19,6,4,5,232,11258,true
78,15,blue,Support,22,1,5,19,36,7075,true
78,1,red,Top,5,3,2,6,217,10127,false
78,7,red,Jungle,10,1,5,7,153,8327,false
78,28,red,Mid,12,6,8,3,228,11051,false
78,24,red,ADC,18,0,9,7,158,8143,false
78,20,red,Support,26,0,6,10,39,5812,false
79,21,blue,Top,4,1,5,0,207,8839,false
79,27,blue,Jungle,10,3,4,6,127,8277,false
79,13,blue,Mid,14,7,8,6,230,11497,false
79,14,blue,ADC,19,8,3,4,189,10933,false
79,25,blue,Support,23,0,1,11,41,6030,false
79,26,red,Top,1,9,2,7,235,12519,true
79,2,red,Jungle,8,4,1,9,129,8797,true
79,3,red,Mid,13,3,4,7,169,9192,true
79,9,red,ADC,20,8,3,9,166,10941,true
79,20,red,Support,25,4,4,18,29,7774,true
80,11,blue,Top,3,3,5,5,257,11563,false
80,10,blue,Jungle,8,4,3,10,175,10472,false
80,23,blue,Mid,13,5,3,8,236,11828,false
80,25,blue,ADC,20,5,7,2,212,10564,false
80,4,blue,Support,25,4,4,12,45,8169,false
80,26,red,Top,1,3,3,10,181,10169,true
80,22,red,Jungle,11,5,3,9,172,10619,true
80,3,red,Mid,16,4,2,7,210,11010,true
80,9,red,ADC,18,11,1,10,216,13550,true
80,15,red,Support,24,1,5,5,39,6187,true
81,5,blue,Top,3,6,3,6,188,11090,true
81,13,blue,Jungle,8,5,3,13,193,11642,true
81,16,blue,Mid,15,12,3,10,220,13619,true
81,11,blue,ADC,21,9,2,3,206,11689,true
81,20,blue,Support,25,3,1,17,37,7974,true
81,27,red,Top,5,6,8,5,185,10563,false
81,7,red,Jungle,11,4,5,2,148,8941,false
81,3,red,Mid,13,6,3,6,200,11076,false
81,4,red,ADC,18,3,5,12,245,11715,false
81,10,red,Support,24,0,0,4,43,5771,false
82,16,blue,Top,4,7,5,11,238,12529,true
82,2,blue,Jungle,7,7,3,9,171,10695,true
82,8,blue,Mid,16,8,1,7,231,12190,true
82,4,blue,ADC,19,13,1,10,238,14264,true
82,10,blue,Support,25,4,4,9,35,6951,true
82,6,red,Top,2,4,5,8,205,10560,false
82,21,red,Jungle,10,4,2,4,142,8855,false
82,23,red,Mid,13,5,8,4,205,10565,false
82,9,red,ADC,17,2,10,6,236,10469,false
82,20,red,Support,23,1,4,11,39,6584,false
83,25,blue,Top,3,2,3,5,234,10945,true
83,12,blue,Jungle,9,1,2,5,196,10003,true
83,3,blue,Mid,16,3,3,5,247,11567,true
83,19,blue,ADC,21,11,2,9,229,13948,true
83,15,blue,Support,23,4,5,16,43,8665,true
83,26,red,Top,2,4,7,4,240,11401,false
83,23,red,Jungle,10,3,4,8,182,10512,false
83,8,red,Mid,13,2,4,9,271,12076,false
83,1,red,ADC,18,1,3,3,273,11114,false
83,20,red,Support,26,4,8,11,37,8186,false
84,16,blue,Top,3,3,3,5,137,7822,true
84,17,blue,Jungle,10,9,4,4,109,8882,true
84,23,blue,Mid,12,8,5,5,148,9354,true
84,14,blue,ADC,21,12,1,6,160,11003,true
84,10,blue,Support,26,1,2,11,26,5205,true
84,1,red,Top,1,1,3,3,145,7173,false
84,7,red,Jungle,9,0,9,6,131,6772,false
84,13,red,Mid,14,1,5,2,161,7418,false
84,24,red,ADC,19,4,8,3,179,8793,false
84,5,red,Support,23,1,6,9,31,5252,false
85,6,blue,Top,5,3,1,8,166,9299,true
85,20,blue,Jungle,9,6,3,15,180,11597,true
85,23,blue,Mid,13,2,1,14,215,10950,true
85,24,blue,ADC,19,9,2,10,166,11532,true
85,25,blue,Support,24,1,1,13,38,6627,true
85,14,red,Top,4,1,7,6,194,9194,false
85,17,red,Jungle,10,10,4,7,178,11586,false
85,13,red,Mid,12,5,10,3,166,9516,false
85,9,red,ADC,20,4,6,5,168,9576,false
85,3,red,Support,26,0,6,11,31,6134,false
86,21,blue,Top,2,5,4,7,133,8358,true
86,27,blue,Jungle,10,11,7,7,129,9871,true
86,3,blue,Mid,13,10,4,9,170,10757,true
86,24,blue,ADC,18,4,2,9,132,8125,true
86,1,blue,Support,22,2,3,14,21,5901,true
86,6,red,Top,4,0,9,2,129,5900,false
86,2,red,Jungle,11,2,5,7,98,6691,false
86,18,red,Mid,14,3,5,2,165,7560,false
86,9,red,ADC,21,4,7,9,114,7759,false
86,10,red,Support,25,0,10,10,27,4793,false
87,1,blue,Top,5,2,5,7,186,9970,false
87,7,blue,Jungle,9,0,4,7,210,9840,false
87,18,blue,Mid,15,7,8,5,209,11604,false
87,19,blue,ADC,20,4,6,10,212,11253,false
87,5,blue,Support,26,1,10,13,35,7188,false
87,16,red,Top,1,5,1,1,198,10317,true
87,12,red,Jungle,11,5,3,6,155,9844,true
87,3,red,Mid,13,4,5,8,254,11799,true
87,4,red,ADC,19,10,2,6,229,13136,true
87,20,red,Support,22,2,2,9,35,6749,true
88,21,blue,Top,4,3,5,5,232,10724,false
88,22,blue,Jungle,9,4,8,5,192,9875,false
88,8,blue,Mid,13,6,7,5,191,10759,false
88,9,blue,ADC,19,2,8,7,218,10096,false
88,10,blue,Support,25,0,6,12,42,6578,false
88,1,red,Top,1,5,2,5,240,11339,true
88,2,red,Jungle,10,7,0,14,155,11211,true
88,3,red,Mid,12,9,2,6,237,12655,true
88,6,red,ADC,20,13,1,5,209,12964,true
88,20,red,Support,24,1,2,11,32,6471,true
89,21,blue,Top,5,5,2,7,236,11461,false
89,27,blue,Jungle,7,6,6,3,179,10350,false
89,19,blue,Mid,14,7,2,6,169,10555,false
89,1,blue,ADC,21,4,2,0,208,9862,false
89,4,blue,Support,24,3,8,8,40,6914,false
89,26,red,Top,2,8,1,11,228,12512,true
89,2,red,Jungle,10,10,2,7,171,11660,true
89,14,red,Mid,16,7,5,9,245,12358,true
89,5,red,ADC,19,9,5,11,174,11835,true
89,15,red,Support,25,5,4,17,29,8208,true
90,16,blue,Top,1,4,1,6,248,11354,true
90,2,blue,Jungle,8,2,4,11,201,10409,true
90,19,blue,Mid,16,11,3,9,252,14104,true
90,9,blue,ADC,18,5,1,6,251,11758,true
90,25,blue,Support,22,4,5,14,34,7969,true
90,26,red,Top,2,2,5,3,194,9497,false
90,12,red,Jungle,7,6,4,12,199,11617,false
90,28,red,Mid,14,6,4,4,203,10886,false
90,24,red,ADC,21,6,1,2,224,11171,false
90,15,red,Support,23,2,3,8,35,6792,false
91,16,blue,Top,1,3,4,4,318,13387,false
91,2,blue,Jungle,10,3,4,6,195,10759,false
91,18,blue,Mid,15,3,8,8,261,12539,false
91,14,blue,ADC,20,5,4,7,248,12648,false
91,10,blue,Support,23,1,2,14,39,7912,false
91,4,red,Top,2,6,1,8,238,12869,true
91,17,red,Jungle,7,10,5,12,244,14756,true
91,23,red,Mid,16,8,9,9,228,13462,true
91,1,red,ADC,21,8,0,14,299,15434,true
91,25,red,Support,24,3,4,17,50,9197,true
92,9,blue,Top,1,1,8,8,187,9268,false
92,17,blue,Jungle,10,3,5,6,139,8343,false
92,11,blue,Mid,14,1,2,6,162,8500,false
92,24,blue,ADC,20,4,7,8,221,10684,false
92,25,blue,Support,25,3,4,9,36,6877,false
92,1,red,Top,3,3,1,11,217,10638,true
92,2,red,Jungle,7,9,2,15,122,10889,true
92,13,red,Mid,13,4,3,9,230,10917,true
92,19,red,ADC,17,9,6,6,195,11629,true
92,20,red,Support,22,3,2,9,38,6871,true
93,16,blue,Top,2,0,6,2,279,10899,false
93,15,blue,Jungle,7,5,9,8,160,10847,false
93,13,blue,Mid,15,5,7,3,287,12999,false
93,14,blue,ADC,17,5,2,5,203,11467,false
93,25,blue,Support,23,0,3,7,45,6598,false
93,1,red,Top,3,8,4,5,264,13617,true
93,12,red,Jungle,10,3,1,5,207,10952,true
93,23,red,Mid,14,12,4,6,223,13801,true
93,22,red,ADC,18,10,5,4,251,13869,true
93,20,red,Support,24,2,5,15,49,8255,true
94,26,blue,Top,2,6,3,2,227,10861,true
94,12,blue,Jungle,7,4,4,11,182,10390,true
94,10,blue,Mid,16,11,2,9,173,12201,true
94,24,blue,ADC,17,11,1,7,202,12440,true
94,20,blue,Support,23,0,6,8,36,5539,true
94,11,red,Top,5,3,1,4,196,9452,false
94,7,red,Jungle,9,1,4,6,174,8804,false
94,8,red,Mid,15,3,6,3,207,9662,false
94,19,red,ADC,20,6,3,4,178,10245,false
94,15,red,Support,22,1,2,15,29,6558,false
95,21,blue,Top,2,2,6,5,157,8102,false
95,12,blue,Jungle,7,0,5,6,120,6865,false
95,14,blue,Mid,14,5,5,6,179,9625,false
95,9,blue,ADC,17,3,5,2,162,8189,false
95,20,blue,Support,22,1,5,9,32,5381,false
95,19,red,Top,5,3,3,9,134,8332,true
95,2,red,Jungle,10,6,1,11,157,9885,true
95,8,red,Mid,13,7,3,6,184,10010,true
95,11,red,ADC,19,7,3,7,197,10776,true
95,6,red,Support,24,4,3,14,24,6774,true
96,6,blue,Top,5,8,2,3,184,11424,false
96,7,blue,Jungle,7,2,4,6,154,9052,false
96,28,blue,Mid,14,3,5,6,188,10128,false
96,19,blue,ADC,20,2,5,5,241,10997,false
96,5,blue,Support,26,0,4,16,46,7187,false
96,1,red,Top,1,4,4,9,265,12332,true
96,2,red,Jungle,10,7,3,16,188,12568,true
96,18,red,Mid,12,10,2,5,201,12456,true
96,4,red,ADC,18,11,6,8,218,13347,true
96,15,red,Support,24,0,4,14,44,7048,true
97,6,blue,Top,2,3,9,6,183,9139,false
97,2,blue,Jungle,7,4,7,4,157,8853,false
97,23,blue,Mid,14,4,6,7,215,10176,false
97,14,blue,ADC,21,8,4,3,193,10762,false
97,9,blue,Support,22,2,5,14,29,6368,false
97,20,red,Top,5,7,7,3,210,10607,true
97,21,red,Jungle,8,5,5,7,126,8605,true
97,18,red,Mid,13,9,4,9,169,11165,true
97,3,red,ADC,18,7,2,6,181,10330,true
97,15,red,Support,25,1,3,21,31,6912,true
98,16,blue,Top,2,5,1,4,256,12252,true
98,17,blue,Jungle,7,6,5,11,198,12156,true
98,13,blue,Mid,16,6,3,7,194,11476,true
98,24,blue,ADC,19,4,4,10,203,11446,true
98,10,blue,Support,23,2,3,16,38,8136,true
98,1,red,Top,3,3,7,1,258,11249,false
98,22,red,Jungle,11,4,7,12,182,11024,false
98,3,red,Mid,14,4,5,3,275,12324,false
98,4,red,ADC,21,10,7,3,263,13862,false
98,20,red,Support,26,1,4,5,45,6637,false
99,21,blue,Top,2,5,3,4,186,9822,true
99,7,blue,Jungle,11,4,5,11,179,10309,true
99,28,blue,Mid,15,10,3,8,212,12635,true
99,4,blue,ADC,20,11,1,7,200,12590,true
99,10,blue,Support,23,1,3,19,36,7218,true
99,1,red,Top,4,3,2,5,237,10513,false
99,27,red,Jungle,8,2,7,8,180,9205,false
99,8,red,Mid,16,4,6,4,175,9283,false
99,14,red,ADC,21,3,5,13,171,9891,false
99,9,red,Support,22,1,5,12,38,6455,false
100,22,blue,Top,4,4,7,2,115,6874,false
100,7,blue,Jungle,10,6,5,3,111,7416,false
100,18,blue,Mid,16,4,6,2,134,7413,false
100,24,blue,ADC,19,2,5,3,110,6278,false
100,6,blue,Support,22,1,7,4,23,4099,false
100,16,red,Top,5,3,3,2,141,7014,true
100,2,red,Jungle,8,4,5,13,113,8136,true
100,3,red,Mid,12,6,2,9,157,9034,true
100,4,red,ADC,18,14,3,11,152,11660,true
100,15,red,Support,24,1,2,17,23,5692,true
101,16,blue,Top,1,12,1,6,186,12032,true
101,12,blue,Jungle,11,3,4,11,167,9721,true
101,8,blue,Mid,15,5,4,10,177,10433,true
101,19,blue,ADC,21,6,2,7,186,10318,true
101,25,blue,Support,26,3,3,15,27,7190,true
101,26,red,Top,2,1,4,5,189,8794,false
101,22,red,Jungle,8,3,6,5,158,8776,false
101,23,red,Mid,14,9,4,3,224,11847,false
101,20,red,ADC,20,8,4,6,185,11027,false
101,5,red,Support,23,2,4,11,28,6210,false
102,16,blue,Top,2,3,5,6,276,11897,true
102,7,blue,Jungle,7,4,2,10,197,11267,true
102,27,blue,Mid,16,8,5,6,216,12466,true
102,24,blue,ADC,17,14,5,6,281,15539,true
102,20,blue,Support,22,1,2,9,40,6957,true
102,21,red,Top,5,8,4,5,241,12745,false
102,22,red,Jungle,9,1,5,9,198,10063,false
102,28,red,Mid,13,8,5,4,213,11926,false
102,19,red,ADC,18,5,4,4,236,11501,false
102,15,red,Support,23,2,5,11,33,7395,false
103,16,blue,Top,5,11,2,8,213,12557,true
103,12,blue,Jungle,11,5,0,8,136,9087,true
103,3,blue,Mid,12,7,5,14,169,11302,true
103,4,blue,ADC,18,6,1,6,191,10485,true
103,10,blue,Support,24,0,3,13,37,6073,true
103,2,red,Top,1,3,5,5,183,9311,false
103,22,red,Jungle,8,1,2,5,152,8087,false
103,11,red,Mid,16,8,6,4,208,11400,false
103,5,red,ADC,20,4,9,2,204,9585,false
103,20,red,Support,26,1,3,15,32,6664,false
104,6,blue,Top,5,7,2,8,252,13235,true
104,7,blue,Jungle,10,4,2,9,227,11811,true
104,28,blue,Mid,13,11,3,4,231,13554,true
104,4,blue,ADC,19,7,4,12,254,13576,true
104,9,blue,Support,22,0,4,13,35,6917,true
104,1,red,Top,3,3,6,3,235,10882,false
104,17,red,Jungle,7,8,0,6,218,12368,false
104,23,red,Mid,16,5,8,6,258,12405,false
104,24,red,ADC,21,8,6,5,275,13593,false
104,10,red,Support,24,1,2,10,46,7319,false
105,21,blue,Top,1,2,5,5,257,11101,false
105,12,blue,Jungle,10,5,5,5,196,10613,false
105,28,blue,Mid,16,5,10,10,186,10875,false
105,4,blue,ADC,17,5,2,9,202,11438,false
105,5,blue,Support,26,1,6,4,33,5937,false
105,11,red,Top,5,2,4,6,219,10335,true
105,17,red,Jungle,7,7,2,13,168,11676,true
105,18,red,Mid,15,7,6,8,200,11794,true
105,25,red,ADC,19,6,5,8,224,12044,true
105,20,red,Support,24,1,1,12,38,6965,true
106,26,blue,Top,3,2,4,4,158,8267,false
106,2,blue,Jungle,10,0,4,5,161,7953,false
106,23,blue,Mid,14,8,5,7,167,10802,false
106,14,blue,ADC,18,2,5,2,176,8373,false
106,15,blue,Support,26,0,6,8,35,5497,false
106,6,red,Top,1,2,1,4,176,8870,true
106,17,red,Jungle,11,7,5,14,171,11152,true
106,13,red,Mid,16,7,5,6,168,10404,true
106,4,red,ADC,20,9,0,4,208,11311,true
106,10,red,Support,25,2,2,16,27,6738,true
107,16,blue,Top,4,8,2,6,219,11958,true
107,27,blue,Jungle,8,4,5,15,144,10085,true
107,25,blue,Mid,12,12,4,4,216,12658,true
107,19,blue,ADC,20,10,4,6,213,12347,true
107,10,blue,Support,26,1,2,21,30,7451,true
107,6,red,Top,2,2,6,2,184,9014,false
107,23,red,Jungle,7,3,6,8,144,9133,false
107,28,red,Mid,15,1,9,8,172,8855,false
107,4,red,ADC,18,5,7,5,197,10558,false
107,15,red,Support,22,0,6,6,42,5950,false
108,16,blue,Top,4,4,4,5,227,10670,true
108,27,blue,Jungle,9,4,4,16,193,11228,true
108,20,blue,Mid,12,7,4,4,194,10777,true
108,9,blue,ADC,17,4,1,5,194,10202,true
108,8,blue,Support,22,4,3,10,39,7594,true
108,6,red,Top,3,0,5,3,174,8410,false
108,22,red,Jungle,7,4,6,6,134,8869,false
108,28,red,Mid,15,4,3,6,225,11055,false
108,24,red,ADC,20,5,8,4,225,10987,false
108,15,red,Support,25,1,8,9,36,6284,false
109,11,blue,Top,4,5,9,6,125,8045,false
109,2,blue,Jungle,9,3,5,5,145,8015,false
109,23,blue,Mid,14,6,7,3,131,8404,false
109,14,blue,ADC,20,3,6,6,171,8536,false
109,20,blue,Support,24,1,3,12,27,5498,false
109,16,red,Top,3,5,3,5,154,8609,true
109,22,red,Jungle,10,6,5,14,133,9626,true
109,3,red,Mid,16,6,3,4,169,9148,true
109,9,red,ADC,17,8,4,12,145,10087,true
109,17,red,Support,25,3,2,21,23,7027,true
110,21,blue,Top,4,4,3,2,238,11787,false
110,17,blue,Jungle,10,1,5,5,213,10772,false
110,3,blue,Mid,12,6,4,4,237,12633,false
110,14,blue,ADC,19,5,7,2,331,14269,false
110,25,blue,Support,25,2,3,6,41,7563,false
110,26,red,Top,2,8,3,7,238,13412,true
110,7,red,Jungle,7,9,1,11,209,13550,true
110,8,red,Mid,13,7,5,7,260,13620,true
110,9,red,ADC,20,3,1,6,279,12938,true
110,20,red,Support,23,3,5,13,56,9011,true
111,1,blue,Top,5,2,5,3,308,12694,false
111,4,blue,Jungle,11,5,4,5,180,11409,false
111,21,blue,Mid,13,6,10,5,284,13598,false
111,24,blue,ADC,19,5,8,6,325,14431,false
111,15,blue,Support,26,2,10,18,52,9253,false
111,11,red,Top,4,8,0,6,309,14865,true
111,22,red,Jungle,7,3,1,17,190,12044,true
111,13,red,Mid,16,5,2,8,328,14615,true
111,19,red,ADC,18,10,4,9,317,16036,true
111,5,red,Support,24,0,3,20,43,8721,true
112,16,blue,Top,2,2,5,9,147,8579,false
112,7,blue,Jungle,11,1,3,3,157,7955,false
112,23,blue,Mid,13,6,5,6,172,9852,false
112,14,blue,ADC,19,1,3,4,164,7914,false
112,20,blue,Support,25,0,12,10,33,5670,false
112,11,red,Top,3,2,3,3,220,9525,true
112,2,red,Jungle,9,8,2,7,125,9658,true
112,8,red,Mid,14,7,6,8,189,10725,true
112,25,red,ADC,17,7,4,11,184,11181,true
112,10,red,Support,23,3,2,19,28,7602,true
113,6,blue,Top,5,3,7,6,265,11702,false
113,2,blue,Jungle,10,2,4,2,150,8696,false
113,20,blue,Mid,14,5,3,3,218,11263,false
113,14,blue,ADC,19,8,6,7,246,13129,false
113,21,blue,Support,25,1,5,8,41,6847,false
113,16,red,Top,4,2,4,8,213,10454,true
113,7,red,Jungle,9,7,2,16,172,12079,true
113,18,red,Mid,12,6,5,8,194,11290,true
113,9,red,ADC,21,7,3,4,245,12318,true
113,25,red,Support,26,2,5,9,38,7204,true
114,28,blue,Top,5,3,1,8,239,11924,false
114,27,blue,Jungle,7,3,6,7,215,11442,false
114,8,blue,Mid,15,3,11,4,227,11579,false
114,9,blue,ADC,19,3,2,3,280,12500,false
114,5,blue,Support,24,0,5,10,40,7379,false
114,1,red,Top,3,4,5,4,286,12928,true
114,12,red,Jungle,11,6,4,9,234,12890,true
114,23,red,Mid,16,14,1,14,215,15682,true
114,19,red,ADC,20,11,3,6,216,13815,true
114,21,red,Support,23,0,1,20,37,8403,true
115,11,blue,Top,1,4,3,6,264,12003,true
115,17,blue,Jungle,9,6,4,5,205,11172,true
115,23,blue,Mid,13,13,4,6,228,13970,true
115,24,blue,ADC,20,7,3,11,239,13100,true
115,20,blue,Support,26,1,2,12,44,7112,true
115,6,red,Top,5,4,7,5,260,12035,false
115,12,red,Jungle,11,3,5,11,156,10294,false
115,28,red,Mid,15,4,4,7,280,12611,false
115,9,red,ADC,19,4,6,2,261,11484,false
115,16,red,Support,25,1,3,10,48,7228,false
116,21,blue,Top,1,1,7,2,282,11286,false
116,9,blue,Jungle,8,4,4,5,170,10441,false
116,3,blue,Mid,16,6,12,5,254,12794,false
116,14,blue,ADC,17,4,2,7,241,11840,false
116,10,blue,Support,26,1,7,13,40,7380,false
116,22,red,Top,3,3,4,9,268,12631,true
116,27,red,Jungle,9,2,5,15,172,10630,true
116,6,red,Mid,12,12,3,13,213,14378,true
116,4,red,ADC,19,4,2,5,209,11274,true
116,15,red,Support,25,3,2,20,46,9132,true
117,1,blue,Top,3,7,5,5,177,10451,false
117,22,blue,Jungle,7,4,7,8,157,9380,false
117,8,blue,Mid,12,5,4,3,172,9253,false
117,9,blue,ADC,21,4,6,5,164,9249,false
117,27,blue,Support,22,1,4,12,37,6404,false
117,24,red,Top,2,9,5,2,179,10623,true
117,16,red,Jungle,11,8,2,14,131,10530,true
117,13,red,Mid,15,6,3,6,217,10793,true
117,14,red,ADC,20,11,3,7,211,12566,true
117,23,red,Support,24,3,2,17,34,7389,true
118,6,blue,Top,1,2,4,2,249,11030,false
118,17,blue,Jungle,10,4,2,2,165,9950,false
118,13,blue,Mid,14,7,5,2,272,12889,false
118,14,blue,ADC,20,5,10,5,261,12570,false
118,25,blue,Support,22,1,2,11,36,7042,false
118,16,red,Top,4,3,3,10,244,11868,true
118,27,red,Jungle,8,6,2,10,190,11921,true
118,28,red,Mid,13,10,2,8,248,14080,true
118,24,red,ADC,17,1,5,4,279,11560,true
118,20,red,Support,24,4,4,12,45,8384,true
119,6,blue,Top,4,2,2,4,184,8449,false
119,17,blue,Jungle,9,7,1,7,149,9434,false
119,28,blue,Mid,16,8,7,6,180,10563,false
119,14,blue,ADC,20,4,4,2,149,8055,false
119,9,blue,Support,22,1,7,9,26,5289,false
119,16,red,Top,5,2,4,5,179,8561,true
119,12,red,Jungle,10,11,3,11,143,11285,true
119,24,red,Mid,12,7,3,9,198,10714,true
119,19,red,ADC,21,10,3,4,176,10813,true
119,10,red,Support,23,2,2,12,25,5946,true
120,16,blue,Top,1,4,5,5,269,12018,false
120,12,blue,Jungle,7,4,6,7,203,11114,false
120,23,blue,Mid,16,6,3,5,281,13167,false
120,24,blue,ADC,21,8,4,3,203,11745,false
120,5,blue,Support,25,1,5,7,34,6630,false
120,6,red,Top,2,7,3,9,228,12670,true
120,8,red,Jungle,8,3,6,13,151,10401,true
120,3,red,Mid,12,8,3,11,224,13017,true
120,18,red,ADC,18,9,3,5,270,13856,true
120,10,red,Support,22,2,4,23,48,8884,true
