player_id,summoner_name,region,rank_tier,main_role,created_at
1,NightOwl,KR,Bronze,Top,2022-04-27
2,BaronStealer,EUW,Master,Jungle,2025-11-05
3,WardPls,EUW,Silver,Mid,2021-08-11
4,GankMeNot,EUW,Platinum,ADC,2020-06-17
5,xXFlashXx,KR,Emerald,Support,2022-05-01
6,TiltProof,EUW,Master,Top,2020-06-17
7,CSMachine,EUW,Platinum,Jungle,2023-04-13
8,DragonSoul,EUW,Bronze,Mid,2019-07-27
9,MidOrFeed,EUW,Bronze,ADC,2023-11-05
10,SilentSupp,EUW,Master,Support,2023-10-17
11,JungleDiff,EUW,Platinum,Top,2020-07-23
12,TopGap,EUW,Silver,Jungle,2019-08-02
13,PentaPal,EUW,Platinum,Mid,2021-01-27
14,MinionLord,EUW,Platinum,ADC,2025-12-05
15,RiftWalker,EUW,Master,Support,2021-09-20
16,BlueBuff,EUW,Diamond,Top,2021-08-19
17,RedSide,EUW,Emerald,Jungle,2021-03-12
18,Smite4Days,EUW,Silver,Mid,2022-01-15
19,Kiter,EUW,Platinum,ADC,2021-02-26
20,OneTrickPony,KR,Platinum,Support,2022-08-08
21,LastHitLuc,EUW,Bronze,Top,2019-12-01
22,TowerDiver,EUW,Diamond,Jungle,2021-04-10
23,ShyFlash,KR,Platinum,Mid,2020-12-16
24,Ignite,EUW,Diamond,ADC,2022-04-08
25,BushCamper,EUW,Gold,Support,2019-06-28
26,Recall,KR,Gold,Top,2025-01-04
27,SoloQHero,EUW,Diamond,Jungle,2023-02-07
28,PinkWard,EUW,Bronze,Mid,2023-07-18
29,NoMana,NA,Silver,ADC,2022-03-09
30,AFKFarmer,EUW,,Support,2019-02-02
